1.257510687320098,1.25800204277
1.6033494755847004,1.06970095634
1.474747664774601,0.7274609804150001
1.2536647147352835,0.789277017117
1.2943129173192471,0.623775005341
1.1858465962243836,0.691469013691
1.233851105958608,0.8557710051540001
1.3327301363866277,0.709383010864
1.2401349176325172,1.01454794407
1.4414056324334226,1.1157310009
1.5010687526456439,0.41828301549
1.040652003825851,1.00228095055
1.4251744552613925,1.21886098385
1.5796771601163684,1.14329600334
1.5236877113480474,0.652818977833
1.1937594408305443,0.6746559739110001
1.2126472915814572,0.6009536385540001
1.177708810630681,0.6694570183749999
1.2109053012575128,0.653807997704
1.2014508081261697,0.781412005424
1.2926759981046216,1.20630395412
1.5722511914319752,0.846925973892
1.3261472372769798,0.82864099741
1.3153570056827129,0.648239016533
1.2067890040916076,0.56237000227
1.153505874689161,0.718330979347
1.2571449352111397,1.09964799881
1.4953553565955928,0.954171001911
1.3884120410552432,0.729013979435
1.234389043980293,0.669449985027
1.2176329410073894,0.863121986389
1.3380284856536202,0.646466016769
1.1976029285795582,0.822318017483
1.320421479137069,0.923597991467
1.38334854593037,0.8300920128820001
1.312370999415079,1.06731402874
1.4725437640798054,1.54617500305
1.7817749839487944,0.682727992535
1.1989979465816065,0.6385620236399999
1.1744670616318151,0.6464239954950001
1.190384734525236,0.688109397888
1.2346242804477081,0.727398991585
1.2562522412383987,0.650035023689
1.2054685977044617,0.869369029999
1.3534793761688593,0.44085800647699996
1.0659950686801054,0.451860994101
1.0766810140092897,0.757507026196
1.276220591018397,0.495238989592
1.0980284999020447,0.685087025166
1.2275477611887888,0.724381327629
1.2621217070587956,0.8653740286830001
1.3468634801340889,0.740046977997
1.2685271452593978,0.807075977325
1.3063981482884681,0.8204330205920001
1.3174200631447768,1.11441195011
1.512631358782101,1.1086050272
1.4997129174277373,0.475149989128
1.077483810093164,1.0392680168200001
1.4558119909549114,0.945789992809
1.393848200367803,0.787750005722
1.2928409158484462,0.350454986095
1.0023525838822396,0.9367713332179999
1.3941572111087264,0.986805975437
1.4139577343071659,0.647023975849
1.1980425901709408,1.02977705002
1.4446343072599488,1.1874469518700002
1.54716185819282,0.9328820109370001
1.3625154773583366,0.7528370022769999
1.2501016276598544,0.642004013062
1.1831988528716706,0.23073400556999996
0.9467029168859634,0.47149971127499996
1.1056815661599158,0.8772729635240001
1.3661396312623428,0.787630975246
1.2775900730525627,0.27422198653200003
0.9527368928699299,0.39922699332199996
1.0369101593242527,0.9923512339589999
1.4395044839527982,0.7627239823340001
1.2674644301285252,0.7200859785079999
1.239475022106916,0.626478016376
1.1884167029133579,0.726989030838
1.2567558314533005,0.9301019906999999
1.3919251533401131,0.687269985676
1.2309913333482851,0.866255283356
1.349639687723015,0.835203826427
1.32750609865089,0.940249979496
1.3830821897192969,1.0233579873999998
1.4397448209681671,0.732262969017
1.253919687928523,0.930074989796
1.3891014860074282,0.8702930212019999
1.3324631897704304,0.510402023792
1.103390134635178,1.0258179903
1.452519882035106,0.455123990774
1.081682767599169,0.734534978867
1.2647790611835479,0.7012919783589999
1.23983748269315,1.01438605785
1.446594529775749,1.1237702369700002
1.5173566089416195,0.48253700137100003
1.092213768734949,0.468932002783
1.0797023164786135,0.875519692898
1.353418455967336,1.1454249620399999
1.5283666850084392,1.9437874555599999
2.0669650417356613,1.5570390224500001
1.7649707025767587,2.10477590561
2.1349236142229264,1.06224000454
1.4398580859211703,0.786782979965
1.290425986695632,2.24797105789
2.245750906642764,0.5664669871329999
1.0923843454755244,0.8389729857439999
1.2634967707815994,0.31881898641600004
0.9523399097999022,0.638668000698
1.2014915381924898,0.754026651382
1.2817782051792022,1.08582603931
1.490546010628212,0.601429998875
1.1684666710490657,0.6923220157619999
1.2297139747054153,0.878243982792
1.3546913288808164,1.27922403812
1.617174639782028,0.725166976452
1.2448749438730569,0.428310990334
1.0591165656993808,0.701224982738
1.2465725889297214,0.8846225738529999
1.3621798819566977,0.7809653878210001
1.286839551490116,0.9259700179100001
1.3689598920461379,0.917864024639
1.3636519241347214,0.90730202198
1.3667199342453271,0.409945011139
1.059118579474489,0.87414598465
1.3558524639926133,1.2313439845999998
1.5915704724616362,0.7683960199359999
1.278063036232331,0.935733914375
1.3941648706666598,0.752327024937
1.2700744975248472,0.624783992767
1.1855810185413813,1.9779472351099998
2.0854502137634183,2.47647929192
2.330371772184053,0.682259976864
1.1329008671856868,1.29407799244
1.5392463463670893,2.1165060997
2.1294941879074334,2.03023004532
2.0553473879411683,1.72759306431
1.8497272271532634,1.32161903381
1.5843880549282652,1.11427497864
1.4866249136077119,1.6184829473500002
1.831265860106426,1.10235404968
1.4827513065537714,0.850126981735
1.316848288395713,0.653181314468
1.2003719426720043,0.616827607155
1.180165999459484,1.02320480347
1.4541193805641073,1.17678105831
1.5358019911487777,1.10875403881
1.4864562756470117,0.9838110208509999
1.407933014789849,1.82992756367
1.9884595067792479,1.34213101864
1.6046508663168408,1.26566958427
1.5512853215920999,0.793037712574
1.2519877944017532,1.0306893587100001
1.4363409496737025,0.821023225784
1.3012856336638696,1.0991692543
1.4895112959727477,0.525535523891
1.1097296249355568,0.775839388371
1.278325539757879,0.720975995064
1.2537489877721086,0.8666771054269999
1.3512670300731966,0.846204102039
1.3371065782961074,0.7614132165909999
1.2768247113159819,0.658724606037
1.2082826563332143,1.07865929604
1.4903879635399124,1.2819403409999999
1.5999948623765938,0.660000503063
1.1650986074709013,1.1125005483600001
1.4688226522100787,0.628070473671
1.164172910772224,0.686457574368
1.2346211076686204,0.900040984154
1.3678083575198887,0.734256923199
1.2515581305537427,1.0111212730399999
1.4401664170399189,0.882759988308
1.3515218128522817,0.7521411776540001
1.2720785962444494,0.9489411115649999
1.4004952077446178,0.6799052953720001
1.2137360802533803,0.721156597137
1.2523995620941466,0.6504104733470001
1.190695163340025,0.716710627079
1.2333784985125849,0.9056316018100001
1.3700137868555993,0.6526464819910001
1.2056313143360868,0.7056654095649999
1.247165657049825,0.658105790615
1.211570471610218,0.659279406071
1.2107258980898263,0.663406431675
1.2180171722221373,0.7808002829549999
1.2930701178891928,0.756590723991
1.2772845754982034,0.92804056406
1.3863506435156963,0.707382977009
1.2340679036155997,0.38883998990099994
1.0308008165429678,0.342241793871
1.0085669995653939,0.233730003238
0.9546961013962683,0.145912706852
0.9009469234118077,0.394953489304
1.0540786706178857,0.967840969563
1.4253272126591248,0.783922016621
1.2882000370470323,0.8333759903910001
1.322162852845477,0.972325980663
1.4194116415992069,0.6905210018160001
1.227107841497066,1.3453240394600001
1.6408013998099458,0.7227010130879999
1.217918075292358,0.6804850101469999
1.1958877698517967,0.7610610127449999
1.2751774466229058,0.8075709939
1.3010496081678518,0.588663995266
1.1613796571777928,0.9960750937459999
1.4367772998199362,1.0454139709499999
1.457060913862445,0.47130599618
1.0750575357488559,1.04714095592
1.462727266119012,1.12621426582
1.5144123605618942,2.5604617595700003
2.3829312200961574,0.7747610211370001
1.1545954665325293,0.717206001282
1.120739500045475,0.800508022308
1.2026839140677033,0.568039000034
1.1296781262699853,1.19578003883
1.5455426598305448,0.797044992447
1.2752697302314266,0.48993599414800004
1.081852839820588,0.991813004017
1.4251690033205657,0.744569003582
1.268275379591341,0.6096370220180001
1.1804289962205123,0.856591999531
1.3406851520186402,0.814429998398
1.3098914953469416,0.760592997074
1.2770777258058383,0.915751993656
1.3770820840738216,0.742163479328
1.2662087819638679,0.732936024666
1.2513504247306992,0.8745691180230001
1.352413059827008,0.9644910097120001
1.407147042863271,1.4776719808599998
1.691423842901974,0.6752679944040001
1.1519554278810926,0.5030400156970001
1.0517119497571392,0.706665992737
1.216704299068046,2.9681959152200004
2.742353000474746,1.2553009986900001
1.5412594110312217,4.08481502533
3.4837886154680078,1.6923229694400002
1.809806267003682,0.412105202675
0.9782682722165331,1.03575098515
1.3868064033659684,0.640892028809
1.1872820040139198,0.706547021866
1.249244473125443,1.06083035469
1.4822093311300015,1.88095402718
2.012773065472828,1.8863739967299997
2.0021008603132926,1.32877397537
1.6187226641928416,0.39318400621399996
1.0084321924294894,0.6382430195809999
1.176220657099252,1.04553198814
1.466450306842537,0.658802986145
1.2027027091444593,0.80467402935
1.3022033434384612,0.8740410208700001
1.3537701396383208,0.853255033493
1.336550479770089,0.8952109813689999
1.3627088886013963,0.730158984661
1.2487806015178333,0.414941012859
1.052524029004926,0.270094007254
0.9745665400095088,0.491131991148
1.112082845242301,0.507916986942
1.1197889900647364,1.22402000427
1.5624407156524738,1.2676579952200002
1.5887593896226615,2.6334879398299997
2.474793462518574,3.99961543083
3.383452096075408,6.65141820908
5.137634933991544,2.10267806053
1.849877003351983,1.28368997574
1.3132060471551459,1.29134750366
1.352066097043787,1.3537540435799997
1.4750768786974484,2.39019107819
2.3030731875798214,1.46144104004
1.6671542229720633,1.599208951
1.7689489890892582,1.4711509943
1.7066759061709798,1.29820501804
1.5967592154547403,1.57962203026
1.790325767162527,1.3603550195700003
1.6428186047800235,0.803641021252
1.2537175920700814,0.427668988705
1.0188656305113317,0.269407004118
0.9302845001029048,0.389717012644
1.037147069756938,0.417917013168
1.059141856753498,1.54603600502
1.798230150358835,1.01761102676
1.4326353652638188,0.865315020084
1.3322466613451796,0.619410991669
1.1679962833121096,0.845414996147
1.3282164826571425,0.804859638214
1.3030763660162914,1.4358890056600002
1.722426361026314,2.56575202942
2.4780076164370692,6.206179142000001
4.915295349061424,0.9309499859810001
1.180514144370937,0.907775998116
1.1662173357565377,0.460979789495
0.9188997063180067,0.5264570117
1.0695484784610119,0.794224977493
1.3022216198180385,0.9704009890559999
1.4196732891444905,0.669588983059
1.221428956833574,0.6997730135920001
1.2411318695434115,0.6903669834139999
1.2321261032345143,0.63616001606
1.195228785110171,0.9726700186730001
1.4089239902188757,0.639338970184
1.1880743284119142,0.512377977371
1.1065333548277272,0.569913029671
1.15476748314843,0.83180898428
1.3213699611323957,0.469411015511
1.0855203317462874,0.9054309725759999
1.367546926390513,0.848275005817
1.3269597270606555,0.656663000584
1.2081931420936036,0.63240557909
1.2023295608269386,0.326855003834
1.0007018440871749,0.304740995169
0.9888553159272936,0.21594800055
0.9425206165593452,0.214847996831
0.9392708144232548,0.151231005788
0.900166808894963,0.415333837271
1.0671868011064785,0.734420001507
1.269682566270055,0.991337001324
1.4278470974720034,0.791000008583
1.297667789664499,0.742917001247
1.2673480382094333,0.74265486002
1.2679982890950534,0.8799139857289999
1.3543145289139173,0.73768299818
1.2566632326116232,1.24034297466
1.5858607689261408,0.8343409895899999
1.306803309694101,0.305472999811
0.9728634445230859,0.892946004868
1.365474002545056,1.28586602211
1.621142645089107,0.41464000940300005
1.026783978188034,1.09013700485
1.4684503263846338,0.592383027077
1.152725204233723,0.377326011658
1.0371296192106916,2.6935973167400005
2.5753233980047345,2.2886660099
2.195465558783574,0.895527005196
1.2402277578507044,0.8070570230480001
1.1945428452639593,1.19486296177
1.4979196575618854,0.8929409980769999
1.342174000304478,0.977608025074
1.3987806019158957,1.8325070142700002
1.9728036394818302,1.4037929773299997
1.6698344539131176,0.7223749756810001
1.221214007009408,0.6599410176280001
1.19403716456451,0.740734994411
1.2673034575369646,0.555365979671
1.1456652431233207,1.2367689609499999
1.5864699775248525,0.6214020252229999
1.170213952909806,0.710873007774
1.234443424418947,0.30647799372699996
0.9819942157917274,0.6473349928859999
1.2140118383334555,0.545826971531
1.1390384976818628,1.02424776554
1.4590849582141785,0.8176820278170001
1.2886453965708526,0.7440620064740001
1.2398548750580567,0.736715018749
1.2445396028873097,0.576856017113
1.1669080658910813,0.915260016918
1.3738924488089823,1.13702905178
1.5219328700187162,0.496008008718
1.1051186412688332,0.49413600563999993
1.1200778813636985,0.8834533095360001
1.3715817719743009,1.27152490616
1.6230725431111235,0.886436998844
1.3354190695635357,0.898828029633
1.3441320269017643,0.9049779772759999
1.3553276894855524,0.829931974411
1.3247420251857627,0.8756300210950001
1.3506473094413365,0.550292015076
1.1411315826240924,1.07391941547
1.4876941485796986,0.849192023277
1.3233350988579016,0.6393229961399999
1.1906537118782956,0.7995309829709999
1.3041204743646282,0.9646000266079999
1.4049736161166921,0.841355979443
1.318539401103544,0.701144993305
1.2297280150617846,0.72400701046
1.2575964684099215,1.01030802727
1.4427202195851532,0.65380603075
1.20566710231898,0.793285012245
1.301564580516275,0.6538396477699999
1.2136163293052165,1.1607899665799999
1.5447344288198468,0.808578968048
1.3028986224966135,0.374377012253
1.024896856430212,0.25569999218
0.9608560211995079,0.489315003157
1.113554503376019,1.1518440246600001
1.5371482365074902,0.737277984619
1.25610178748316,1.08875095844
1.4941828540019648,1.9758529663099997
2.0671102175723743,0.8547700047490001
1.2850224965459236,0.7977370023729999
1.2512476964605483,1.0524289608
1.440111426624057,3.17945098877
2.8730041903985835,1.7970679998400003
1.9005955243394461,1.05670201778
1.4113498598806333,0.875126004219
1.3034234516560677,0.664539992809
1.212603409945879,0.757168412209
1.280619497947146,1.36848402023
1.6720507373488906,0.9052469730380001
1.3372241887895084,1.0320609808
1.4235671739903173,0.614133000374
1.1582850391292485,0.973313033581
1.4232857497166453,0.645228981972
1.2060242556126766,0.48943901062
1.106609897215015,0.8408679962160001
1.3354779172568605,0.7771940231319999
1.2934947622043946,0.675535023212
1.2227046081584765,0.659205973148
1.215851458383137,1.08415305614
1.4924557746085805,0.931410014629
1.3866898944286608,1.3594796657600001
1.6647591364925285,0.763398826122
1.2578422795022213,0.535733997822
1.1148553116329052,0.6781889796259999
1.2226803323643012,0.7839810252189999
1.3004284319408979,1.16936767101
1.5543277137138198,1.01528799534
1.4134049214296756,0.925943017006
1.3573451304350361,1.31924402714
1.6216705253049157,0.97174602747
1.39146414794811,1.1762996912
1.5424072260455923,1.71460902691
1.8869789934918981,1.30733704567
1.6025393573400797,0.6186890006069999
1.1548218389374918,2.2984359264400003
2.242610955151747,1.80824100971
1.8964562904089097,0.879414975643
1.2865281551276027,1.57094502449
1.7826753968314695,1.5785160064700001
1.796749534054674,0.620030999184
1.1556926445705382,0.992881000042
1.4075990838114674,0.455186992884
1.0759800081154076,1.0173989534399999
1.4526425025923928,0.8378469944
1.3252060317404732,0.48847699165299996
1.1016944685997374,1.2463409900700002
1.5923639315683527,1.20963096619
1.5632791750709496,1.2524510622
1.5927867389355925,1.51972699165
1.7702786934862902,1.06379795074
1.464701388154605,1.57149505615
1.7939737265603921,1.27810502052
1.5880037675013274,1.19207799435
1.5341949608631413,0.830443918705
1.3113254075489307,1.40201568604
1.6875248743662932,1.156504035
1.5039613856416045,1.1625548601200002
1.5064197264691241,0.60075199604
1.1494785437313977,1.25383579731
1.5943308780946723,1.79184401035
1.9314815102818341,1.73406255245
1.885743699978481,4.93997097015
4.015416093779081,2.39435100555
2.1638315117976865,2.2125759124799997
2.0296535146428987,1.88652706146
1.8517909465239384,0.9343829751010001
1.3324563244346646,0.909982979298
1.3641072897588287,0.8112999796870001
1.290765882817448,1.04970896244
1.451777392279496,1.35178804398
1.652018909212975,1.27730596066
1.5853298753254021,0.7854449748989999
1.2610277158060241,0.484622985125
1.0763115905270104,0.6676359772680001
1.2150218775701214,0.832251012325
1.327873243537416,0.5959370136259999
1.1717185445338127,0.341089010239
1.0084973382409594,0.686011016369
1.2308708758061566,0.8153510093690001
1.3142947084504766,0.39854300022100003
1.044974172578453,0.699815988541
1.2436318825166515,0.42636901140199995
1.0533094789241053,0.686613976955
1.2208270774735985,0.182677000761
0.912257261675498,0.701882481575
1.2516713705520763,1.7966820001599997
1.8950474984172756,0.720426976681
1.1487185952935477,0.46806401014300003
0.9976256608987366,0.6408870220180001
1.128266809447594,0.7520520091060001
1.2719934389577756,1.00181758404
1.4437655499705149,1.6608040332799998
1.862954605758031,1.45059502125
1.7193604758879968,1.0850100517299999
1.4696427658093576,1.09955501556
1.4818244585698679,0.769418001175
1.2662165961877487,1.25443041325
1.5949542596384305,1.49632096291
1.739861930377723,0.718636989594
1.2074433446499038,0.890201985836
1.3238486167243493,0.989175975323
1.4137663197373231,2.84901452065
2.6588769591984245,4.28107500076
3.5584312158561553,1.24873900414
1.4801862857446024,0.70965898037
1.1410870193013154,0.7497439980509999
1.1970755581564076,0.89074498415
1.3615989631276875,1.46952795982
1.745364394011285,1.60888803005
1.7386119114927427,1.04346096516
1.3564773481977324,1.18475103378
1.4560094009405826,0.506372511387
1.0553026415511402,0.694615602493
1.238738416962672,0.929911017418
1.386536701327888,0.775462985039
1.28349217874289,0.856469631195
1.3370603006839894,0.926900982857
1.3686024490990514,0.7506660223010001
1.2534596117199042,0.9248849749570001
1.365098609516976,1.07016265392
1.4612458204699093,0.8752880096439999
1.3176374693739015,0.7511039972310001
1.2357199603632416,0.8627579808239999
1.3217137705967326,0.509657025337
1.1011465971350298,0.8495249748229999
1.3346269361586114,0.671136975288
1.2128587717846713,0.613218009472
1.1626593530864577,0.381054997444
1.0216067129022854,0.871042013168
1.3494605891992189,0.654031991959
1.2036793630804332,0.908967375755
1.3725786735530967,0.9709029793739999
1.3990482132873034,0.985692024231
1.4012162307481018,1.35625624657
1.6439137188467432,1.30987298489
1.5966848514122183,0.634491980076
1.1480996883401853,0.593350827694
1.1295382483158136,0.879638016224
1.3444172485880612,1.13183641434
1.5165796183033335,1.84127402306
1.9736961030503057,2.26174592972
2.2422205231063472,2.5979759693099997
2.466076096289183,2.3991920948
2.3163083613645683,1.98229801655
2.0318062776851824,2.2695479393
2.2370744019761255,2.0178899765000002
2.0444114694739235,1.45226204395
1.6401644048400355,1.34279799461
1.5724748191731934,1.3119150400200001
1.572350255636089,1.2767620086700002
1.5820658914622852,1.2752670049700001
1.587194074070008,1.2104460001000001
1.5521677489363086,0.815348029137
1.2862541225619364,0.72711199522
1.233456886441175,0.604301989079
1.1687045213954943,0.9830358624459999
1.416282190293301,1.10152900219
1.4716804075291414,1.1837249994299999
1.530065475411164,0.435640007257
1.0484541146663011,0.327004015446
1.005347629138662,0.803984999657
1.3080151261607686,0.421685993671
1.0594144169657453,0.573455989361
1.1649703687674153,0.39594578743000003
1.0501463621880254,0.416375011206
1.059258044923135,0.560397028923
1.1544900652032168,0.774905025959
1.2903052002049922,0.637084007263
1.1975434321577434,0.383926004171
1.0356087086938148,0.564873993397
1.1516505638902594,1.05471503735
1.475349487112635,0.6537709832190001
1.2010798417133388,0.593102991581
1.1658215149109017,1.02260899544
1.4464387395564746,0.8359869718549999
1.3233904782153116,0.637534022331
1.1971783738016597,0.97559851408
1.4205451231775037,0.48980799317400003
1.0926325248172668,1.0986479520799999
1.4977345883444024,1.1511659622200001
1.5278203974369424,0.8061249852179999
1.297886149375392,0.474476993084
1.0904719215913155,0.789602994919
1.3018568242420019,0.476253002882
1.089908815752097,0.545522987843
1.1392104124382827,0.6212809681889999
1.1925608525252531,0.7707700133319999
1.2862326053548945,0.933706998825
1.3835309766128434,0.8110550045970001
1.2894873869925665,0.600552976131
1.1607514700952946,1.00252103806
1.435072638262057,0.8921650052069999
1.3535347143786767,0.9160850048070001
1.3726716642229084,0.741342008114
1.2647385789806564,0.9283249974250001
1.3891063315592764,0.642940998077
1.1863439762527883,0.9950090050700001
1.424779472845523,0.627136588097
1.1811183500124804,1.0386890173
1.4522949217146757,0.6888009905820001
1.2222174606094145,0.5214130282399999
1.123886569169912,0.651027023792
1.1992638273852991,1.1597019434
1.5344912302583429,0.645640015602
1.188558507559476,1.19586265087
1.549574365504177,1.30470395088
1.6097095557463006,0.8844429850579999
1.3194301685819088,0.7697709798810001
1.2486849145715808,0.770210027695
1.2588964372612546,0.641828000546
1.2033804133490622,0.893715977669
1.3568914549765516,0.5247250199319999
1.1137978397639683,0.514221012592
1.1142572757920695,0.717274844646
1.253549012137205,0.641076982021
1.1771896918505285,0.46898201108000004
1.0674776846789553,1.2037500143100002
1.5488164021752806,0.7911959886550001
1.2725291024728898,1.13630115986
1.5037106765854051,0.8642929792399999
1.3090900976688393,0.8814030289650001
1.3249452307287202,0.58174097538
1.1402151197235906,0.865119993687
1.3537856407993674,0.907812476158
1.374576778360049,0.7377740144730001
1.2543020955679598,1.1203750371899999
1.5139005696923216,0.942247986794
1.396856198644305,1.06006002426
1.4725457081061097,0.715842008591
1.2429324367415298,0.404020994902
1.0492803845883494,0.29207798838599996
0.9862343320294138,0.631792426109
1.2047799098241363,1.12466526031
1.5202188870613984,1.11569094658
1.499838819302691,1.24741899967
1.5812550769026505,0.697616994381
1.2224924498530207,3.69397497177
3.2164732434270085,0.820483982563
1.1726598577505598,0.85730701685
1.1984009023621258,0.690235972404
1.1069294306264588,0.8385969996449999
1.275019903628583,1.28772699833
1.6227171628512007,0.9632229804989999
1.372037679811629,1.34329998493
1.631096660943334,0.7316169738770001
1.2236772002368737,0.6809219717980001
1.2188475675142165,0.701478421688
1.2439651156015432,0.669803023338
1.2166343905369144,1.36564302444
1.672016810896402,0.9781420230869999
1.3985714715150614,0.67867898941
1.1990770937098514,0.597633004189
1.1529799907969982,0.819377481937
1.3061982789108328,0.791110992432
1.2827828912065231,1.0441473722499999
1.447706461060512,1.4000159502
1.6720877546702946,0.874862015247
1.3240065246049275,0.622817993164
1.1649286345615204,0.7164059877399999
1.2476762155733294,0.6523500084880001
1.2081836438179339,0.937929987907
1.3947748690965036,0.593699991703
1.1634859324121127,0.539344012737
1.1333884467183035,0.9370089769359999
1.3909229463569925,0.808772027493
1.300846710306242,0.56542801857
1.145507563294011,0.602082014084
1.1795678175434277,1.14667999744
1.5276522142188065,0.9824249744419999
1.4062973419688392,0.567151010036
1.1371732752825465,0.786639988422
1.2950915695548981,0.7388439774510001
1.2638759169488751,0.681029975414
1.2237937515683561,0.708697974682
1.2454496966362627,0.6642330288889999
1.2184719749927115,0.512479007244
1.1143493554085737,0.604038000107
1.1726092871217755,0.672879993916
1.22222761773554,0.8265414834020001
1.31952744072654,0.454686015844
1.0745546268403958,0.559450984001
1.141030842211615,0.133221805096
0.8815672428833629,0.163306996226
0.9105800586303158,0.17978604137899998
0.9238338208125795,0.57479184866
1.1654838234949498,0.8508148789409999
1.3431940139747536,0.852764010429
1.3425378546775812,1.6876280307799998
1.9037173526226876,2.1495220661200003
2.1682736637203317,0.812285006046
1.2573480139049062,1.2396399974799999
1.546906624964226,2.12843728065
2.173857766185671,2.1392390728
2.140788861451714,0.977988004684
1.3542902520368236,0.6937779784199999
1.179458205961569,0.721879005432
1.2338659055275119,0.7631160020829999
1.279567999089881,0.856532990932
1.3415520088596917,1.1093380451200001
1.5023931255243994,0.647634029388
1.1954942324232007,0.924187004566
1.3771439810907218,0.7877320051189999
1.2844383936924035,1.3055670261399999
1.6284131620431905,0.910771012306
1.3567780873324,0.869964003563
1.3301656798247194,0.574302017689
1.1502200420365385,0.859953224659
1.346324410622938,0.477584987879
1.0880910924212162,1.1080174446100002
1.5073623697126495,1.29072499275
1.591617076653286,0.859157979488
1.3092914358375554,0.305898010731
0.9653281584269034,0.903901994228
1.3723210533878782,0.635275006294
1.1980387025334458,1.0234229564700001
1.4539519851480918,0.673066973686
1.211130400482496,0.850479006767
1.3315958537773835,0.51419699192
1.1133888117707047,1.52795660496
1.790259828555698,4.09438562393
3.4476743109495143,0.9952359795569999
1.262892642399207,0.8670449852940001
1.1842700875002987,1.14105606079
1.391207273790915,1.6222579479199999
1.7969992865718165,1.9802049398400003
2.063793461395017,1.3755470514300001
1.6490034913758616,1.8518650531799998
1.955279843117864,1.42092394829
1.6644102178705242,1.5891779661200003
1.788963026041847,1.67319941521
1.8555631624190516,2.12393403053
2.1090369343519764,1.64840197563
1.7832925561619797,1.2047419548
1.4970919381406145,0.792083978653
1.2524375562879786,1.22702741623
1.5809971637516407,1.2269510030700002
1.5719399052826215,1.13134396076
1.5101587380312274,1.25246500969
1.5970419926137212,1.1168919801700001
1.501747077703642,1.1223870515799999
1.5069486889783772,1.0401530265799999
1.4524557273339593,0.809131026268
1.2971319177218035,0.7681059837340001
1.2748836931868808,0.7982919812199999
1.3034427704896563,0.766672253609
1.2798072599663464,1.05736005306
1.4694049242511085,0.8607699871060001
1.3377823835989664,1.0707770586
1.481486228641578,0.53015100956
1.1240294097761716,0.660418987274
1.2100420737716757,0.990917980671
1.424034862602769,0.356153011322
1.0075694869769092,0.961823999882
1.4087228539790413,1.24482905865
1.597256440629815,0.8381230235100001
1.3124791907954103,0.9245989918709999
1.3749985961910878,0.8131660223010001
1.3091121848905511,1.00306105614
1.432111942729508,0.875234007835
1.3476353132490166,0.7991399765009999
1.3014806944236466,0.881296157837
1.3606991695211406,1.06308019161
1.4798350981961177,0.905704975128
1.3642759147481973,0.690955996513
1.225547280175297,1.3559700250600002
1.6676926550887312,0.757239997387
1.2602816189727162,2.04375457764
2.121987449602836,0.8576130270960001
1.2879560330264235,2.36495709419
2.3160702423972306,4.17923116684
3.5654030183929213,2.23356199265
2.1988975075573527,0.8013390302660001
1.232578493112979,0.83728402853
1.2793994585368667,0.8851529955859999
1.3675105576968243,0.9040349721909999
1.3733598223514973,1.30293953419
1.632516021894285,0.722869992256
1.2363593885660773,0.800912022591
1.2878485734378098,1.03291928768
1.452534044652344,1.3216282129299999
1.6387876045092653,0.9367759823799999
1.3755305382518623,0.700770020485
1.215314973603407,0.762431979179
1.2650268924880592,1.14493894577
1.533473147904783,0.772161006927
1.2752549207656998,0.8772150278090001
1.348077061627383,1.2435050010700002
1.5945558462153304,0.638184010983
1.1637673865847387,0.746819972992
1.2358393608660945,0.683992981911
1.2084397637116506,1.4195051193200001
1.7121214045167608,0.614147007465
1.1571050934139113,0.7347676754000001
1.2338591945879898,0.6770560145379999
1.2077140546125797,1.07402694225
1.4797958974167125,0.615638971329
1.1759933341006832,0.9692379832269999
1.414447785959672,0.991612017155
1.4281445760349312,0.808956027031
1.307633840860683,2.4351439476
2.3510531469657567,0.822347998619
1.2427486299728558,0.593822002411
1.1084789787396139,0.576224982738
1.110258660465519,0.42242398858099994
1.0676089578758856,0.676587998867
1.2286125172225286,0.552034974098
1.141999854831284,0.901522994041
1.3720466980719845,0.748996019363
1.2625271366809896,0.8627583980560001
1.3367489612225083,0.948074996471
1.3819149334376781,1.05561387539
1.4591873308627947,1.9700200557700003
2.045762689360068,0.9391199946400001
1.339830728861601,1.00904297829
1.3913173009746114,0.7824029922490001
1.2756887563089603,1.01626503468
1.4442801694068255,0.878274977207
1.3486325007441722,0.735361993313
1.2559696680619792,1.1099909544
1.5047398692235174,0.772719979286
1.282023930166261,1.16498196125
1.5461538710825058,0.715721011162
1.2340802511193147,1.47547900677
1.7357193933592838,0.835452020168
1.300431197335842,0.734466016293
1.2410682604708156,0.786192774773
1.2940520386971206,1.14346504211
1.5172809867755301,0.924699008465
1.372392571252614,2.95876455307
2.7373114082805956,2.13832402229
2.110691508537765,2.03871202469
2.0422652518190887,1.4802099466299998
1.6712713546809328,0.9367650747299999
1.3516897017194833,1.71593976021
1.8844266632913538,1.00140202045
1.393332268297434,0.889622986317
1.3314506056155717,0.749293982983
1.2598136251777032,1.1151839494700002
1.5092948286097672,0.9457820057870001
1.3777696506142183,0.645218014717
1.1789533635374394,1.16484200954
1.538849346083801,1.2443510294
1.5906364877719252,0.904510974884
1.3603006120571173,0.5575259923929999
1.131224365965344,0.577834367752
1.14572946089635,0.719983577728
1.2331181280005183,0.76077902317
1.2583540532254607,0.540440022945
1.1185816991317203,0.8009672760959999
1.2938214994979842,0.771014988422
1.263273974871524,0.670971989632
1.1990819812787776,2.7689704895
2.5837056398774743,3.08613300323
2.730278946640299,1.11635804176
1.379566343247424,1.01826095581
1.3180706616847115,0.744261026382
1.1709756836854484,1.1143867969499999
1.46065986738408,1.3805164098700002
1.6372955945831587,1.22909843922
1.527942254259671,1.57323896885
1.7530449913235715,1.24559795856
1.531048630841232,0.829861998558
1.2589591961441773,0.537698030472
1.0967880893050712,0.8593800067899999
1.3302202759887132,0.794964790344
1.2909091226846416,0.812288999557
1.289901769955847,1.20946097374
1.5607617737332806,1.04361104965
1.4498693424639657,0.9914460182189999
1.4160590226451983,1.37764596939
1.6763648486107148,0.7495359778399999
1.2504285916239908,0.754966974258
1.2590119273080225,0.852221012115
1.331678000926743,1.31262803078
1.6330030365448562,0.949999988079
1.3800461414641494,0.8433979749680001
1.3151615617838794,0.632993996143
1.1853570910359545,0.6848490238189999
1.2179811558208107,0.829603970051
1.3175649800840403,1.11777603626
1.488322726162921,1.0605150461200001
1.4399687052776966,0.9966710209849999
1.4051353034662488,0.6726049780850001
1.2149826775392774,0.84998100996
1.3270655296469427,0.792970001698
1.2902986902290414,0.7509549856190001
1.2659333292203108,0.955626070499
1.4071378827320216,0.6085839867589999
1.1748601673597763,0.778249979019
1.2843712732075216,0.509814023972
1.108032258547677,0.636431992054
1.1914910513068386,0.6015599966049999
1.1737529359367964,0.65563338995
1.2063438900971735,0.638554990292
1.1883134745062385,0.8762890100480001
1.3423135294138824,0.7967479825020001
1.2888125659083551,0.682483017445
1.214776417686189,0.802550017834
1.2998099798641278,0.795031189919
1.2928991091076345,1.58489704132
1.8003842782487132,1.0174859762200001
1.4145257515267127,0.917778015137
1.3560988119242094,1.2302210331
1.559595920252856,1.0278990268700001
1.4259678977629653,0.9125559926029999
1.3547610590566697,0.793597996235
1.278019407299848,1.0304379463200002
1.4403943382948459,0.532537996769
1.1114477593861782,0.612778007984
1.1694219546359659,0.874128997326
1.3492742460042222,0.366723001003
1.0156560639957872,0.7391750216480001
1.2588046236046837,0.560423016548
1.1414223633842318,0.775817811489
1.2841934974040934,0.8102909922600001
1.2966058241847138,0.6437510252
1.1860385967585965,0.723645746708
1.237793791138831,0.91138702631
1.3519181161343978,0.662783026695
1.182806552017731,1.0020359754600001
1.4039965783294677,0.8224419951440001
1.2695412567535698,1.0305769443500001
1.417540042404366,0.678113996983
1.1903406094576758,0.533345997334
1.1235927087315678,0.320995986462
0.987475920472817,0.7608630061149999
1.274524265987633,0.7439860105509999
1.2630279256715837,0.546840012074
1.1353774007974848,0.7004669904709999
1.2379017950037128,0.8356525897980001
1.3244215177020655,1.27425897121
1.584885212270828,0.893445014954
1.3223425868513667,0.621165990829
1.152231979164366,0.790015995502
1.2783750097703162,1.06749498844
1.4515792725299907,0.66980099678
1.1876362439791872,1.26569497585
1.5891986582189455,0.638062000275
1.1747440354234637,0.9348030090330001
1.3719599829270421,0.8006410002709999
1.2942005856071837,1.08570897579
1.4740102340085262,0.352703988552
0.9968487532935818,0.588370978832
1.1505257042399346,0.48754200339299997
1.1022111758149011,0.463688015938
1.0851277129796746,0.363703995943
1.0241686959776086,0.875024318695
1.358859880971145,0.6435279846190001
1.1842076742520078,0.48341301083599997
1.0858625402318416,0.212089002132
0.9205595777745109,0.45604699850100006
1.0816134413027363,0.43679100275
1.0704620169315797,0.723880410194
1.2537187056684522,0.556069016457
1.1336097458771963,0.474842995405
1.0844677072188085,0.267464011908
0.9654341516039707,0.958843708038
1.407215371956579,0.78689801693
1.2820611626740492,1.7943609952900001
1.9517929917562402,1.33767795563
1.6313800399192662,1.2104539871200002
1.5485608642119155,0.56547999382
1.1273447754776902,0.40084299445200006
1.0438071909494195,0.272765487432
0.9742542452856169,0.583644986153
1.1649098607256834,0.853380262852
1.3425018699403242,0.866061031818
1.3478149712515455,1.15834999084
1.5359288304855994,0.7764859795569999
1.2766568897793977,1.06880700588
1.4766232915121715,0.5888479948040001
1.1540666627716278,1.5888684988
1.7999271765665572,0.432785987854
1.0113006269349643,0.399603009224
0.990998392014125,0.554534971714
1.1053198035132032,0.6221979856490001
1.1883453747232695,1.14955198765
1.5268128246158124,1.12126004696
1.5082688817379986,0.977645993233
1.4163563795038583,1.73274195194
1.9116062942718552,2.30270791054
2.2907945968091976,1.05347704887
1.4288260176311676,0.796280026436
1.2639244162604117,0.520332992077
1.098476267515183,0.610480010509
1.1850719834611634,0.445305794477
1.0803274525713609,0.652213871479
1.209227871281667,1.17554116249
1.537323685515025,1.0322021246
1.4297729677520303,0.7193930149079999
1.2186459453853524,0.820013999939
1.2898455605894512,0.9497330188750001
1.3721703563784184,1.0391149520899998
1.4357906854196154,0.58838301897
1.1472171002752394,0.950855970383
1.3950718339684303,0.527760028839
1.115353638125997,0.773606300354
1.2819911096430041,0.970355987549
1.402110496972161,1.38388991356
1.6810435258527094,0.779523015022
1.2492771297251832,0.606999993324
1.132500989202989,0.466057002544
1.0536230887294287,0.945527017117
1.3916339721358877,0.623872995377
1.1885762341239596,0.39232400059699996
1.0341238483968245,0.5156549811360001
1.1195553210727147,0.967938542366
1.4234197617341653,1.3565659523
1.6582860700714441,0.907269001007
1.3565144463083747,0.816276013851
1.301535061004763,2.47986698151
2.4046962123038753,1.1330800056499999
1.4543102783860822,1.04558396339
1.4014384942355216,0.847437024117
1.2857348041016616,1.5365229845
1.7634473219767854,0.9008989930149999
1.3316940249943185,0.48120099306100006
1.061727954344175,0.85725402832
1.3270922150842097,0.861747980118
1.3316890907736116,1.0086940527
1.4300148739765413,1.12772703171
1.5146525284733319,0.77955698967
1.2801605372650469,0.989550292492
1.4239105740541858,0.8363329768179999
1.3137014045681117,0.9099559783939999
1.3660574388127815,0.551105976105
1.136946190378366,1.23976433277
1.5942313815905313,1.21183896065
1.5590576540823524,1.37998199463
1.6713867886914908,1.14846098423
1.5026716515632996,0.766390025616
1.2492164252213476,0.9660840034479999
1.3974876159882013,0.815675020218
1.3094945337373682,1.1422729492200001
1.5235250709193287,1.2994799614
1.6216558504139131,0.858331024647
1.3258694717915198,0.714946985245
1.2347804027523634,0.8764400482179999
1.3569421721580173,0.830546021461
1.3180037779974378,0.853524029255
1.3337918471973484,0.909241020679
1.3743822329607371,0.520272016525
1.120090544874327,0.741104006767
1.2610815018893726,0.585331976414
1.159469572703355,0.504777014256
1.1111927191953748,0.5519493222240001
1.1468776599121928,0.969752013683
1.413639257695992,1.11651599407
1.505400598813131,1.0498449802399998
1.459349456795614,0.634262979031
1.1841235979301388,0.5644329786300001
1.1437102391252743,0.9184709787369999
1.3857076668598776,0.9593539834020001
1.4015906707952972,0.598415970802
1.1636863843564873,0.9383450150489999
1.391199251039831,0.454225003719
1.072456535608472,0.7079470157619999
1.2402210390641788,0.38765001296999996
1.0418742227235418,0.448433995247
1.081664970796339,0.840570986271
1.3347296755967932,0.533711016178
1.1291550252364948,0.721135020256
1.2540942818778322,0.521538615227
1.1283048013988783,0.705075979233
1.237246528575049,0.640564978123
1.2002248613464268,0.516858994961
1.117437635751085,1.66040945053
1.8753875834298919,2.46530795097
2.395622026131595,1.62215602398
1.8088461050690918,1.86627006531
1.9800663271511285,3.62353610992
3.173857729465981,0.794870972633
1.1946463547438928,0.906598985195
1.2684761444166373,0.8571879863740001
1.2466001802901427,0.775637984276
1.2495839144352976,0.700670003891
1.227231460690515,0.6443409919740001
1.1955609705415307,0.7579550147059999
1.277477352380121,0.549960017204
1.1413569672385036,0.496466994286
1.1044327952347561,1.36767756939
1.6802378504487823,1.3978940248500002
1.6355297223178475,0.814813017845
1.236401867763468,1.27889895439
1.5408373582372543,0.862398028374
1.2968219522448965,1.09386599064
1.4878189218086713,0.813471019268
1.29842923223953,1.46668708324
1.7312126581333882,0.906031012535
1.3250347310613633,0.7652140259739999
1.233843049701632,1.3110339641600002
1.6102925523597658,0.789250016212
1.271505137992372,1.47490203381
1.7318866029541058,0.9167850017550001
1.3435997594637217,1.18614006042
1.5289558295732433,1.4113919735
1.6959555975319678,2.09247207642
2.146354303854858,0.718922019005
1.215995889551244,1.3018610477399999
1.6044156026386898,1.26897478104
1.5984100476514596,1.2219970226299999
1.5506747746388674,0.906111001968
1.3390917983335677,1.0788739919700001
1.4617181391815275,1.0280250310899999
1.4442023332379337,0.7863690257070001
1.282079796745063,1.27685296535
1.6132020916416214,0.709342002869
1.2320796969485395,0.520192980766
1.1165044067793943,0.564561009407
1.151673424690717,0.9855200052259999
1.4321082700319938,1.09284198284
1.4839230381316852,0.47868999838799997
1.0745475290008328,0.39550599455799995
1.0250238490038666,1.85070300102
1.9823061404331628,1.1957960128799998
1.5197654709682524,1.70251083374
1.8681902991216504,2.9983510971099996
2.743876492506654,2.40708088875
2.322619925501564,2.5859439372999997
2.445355671141397,2.23383903503
2.1922495734352982,1.65577304363
1.7985181490068907,1.4306110143700002
1.660424804951227,0.892174005508
1.340220607036919,1.23169696331
1.575585150512432,0.895507991314
1.3499261655613022,1.60203301907
1.811853187864362,1.58539903164
1.7945260089308444,1.2320599556
1.5563042124289865,1.21037101746
1.553789641815763,1.24214100838
1.5762259914895638,0.9857040047650001
1.4047426481533496,0.728968977928
1.2427100420860522,0.6761519908910001
1.2094070908942822,1.07157301903
1.468193787421898,0.9457439780239999
1.3789868762881465,0.43763700127599997
1.0461835480341852,0.514182031155
1.0965261409036064,0.338719010353
1.000218890672415,0.714428007603
1.239964178212739,0.499619990587
1.0926471579126713,0.79173797369
1.2867270662551415,0.864624321461
1.345140403889937,0.602496027946
1.1642962590630574,1.2600699663200001
1.5959786911607718,1.01233994961
1.4221238328820114,1.00452899933
1.4228336714979997,0.631023526192
1.1823354181693528,1.1412210464499999
1.502625949432538,0.542609989643
1.1072798071764198,0.854745984077
1.316916020446965,0.7744219899179999
1.2751345595092551,0.308434009552
0.9702734747173862,0.837620973587
1.315945008467342,0.7293469905850001
1.2509492955054475,0.7503905892370001
1.2638290802525836,1.13482201099
1.503806024043742,1.61424005032
1.8172815357451455,1.2447930574400001
1.5573054177747983,0.714163005352
1.2066044056417393,0.729304015636
1.2418189600818148,0.648698985577
1.184449335385802,0.342799007893
0.9930851874654749,0.386186003685
1.0265611057668296,0.636629998684
1.1958472549549721,0.39904800057400003
1.0370322927698592,0.417885988951
1.0537288918403875,1.10379052162
1.5057974143769122,0.695618987083
1.2178187433865482,0.8070139884950001
1.2952635484668833,0.594769001007
1.1634960248048247,1.1076079607
1.4928650449741343,0.971358001232
1.3984702308826662,0.717034995556
1.2324472301574994,0.67648100853
1.221247206312621,1.6877729892700002
1.8806095409115744,0.990756988525
1.4000706467827277,0.808203995228
1.284986942895801,1.08771896362
1.47861638129754,1.5648180246399999
1.791492488846526,0.667380988598
1.186368459968499,1.2564899921400001
1.578306607646543,1.09188604355
1.4641764851329546,0.737550973892
1.2397305816096815,0.6224380135540001
1.1844597041215814,0.8364729881290001
1.3186385604899045,0.577426016331
1.1499994625420085,1.0157610178
1.4314372094314374,1.10615897179
1.4915665259006128,0.6945540308949999
1.222883018123677,1.13090395927
1.5039198395564408,0.951821982861
1.379277499505498,0.752457022667
1.2511427751733968,0.558522999287
1.1416864210033755,1.4158363342299998
1.7086554400423615,1.8552980422999998
1.9368711848969822,0.7845479846
1.206179231056866,0.8210539817810001
1.2380007423032697,0.583589017391
1.1140732874918422,0.835972011089
1.314398690193795,2.18466305733
2.2037460695619866,0.680548012257
1.1685821165329067,1.238904953
1.5435148874220432,1.03032803535
1.3965485055383984,0.791410982609
1.2410248439323863,0.842372000217
1.2848191858378715,0.446471005678
1.0666871567980847,0.558933794498
1.1527789542119944,0.709932982922
1.243041938977291,0.7334340214730001
1.2608884819112487,0.7833399772640001
1.285847646780295,0.842680990696
1.3224512212329198,1.09976100922
1.5020870959845853,0.8706315755840001
1.3486835731712796,0.586246013641
1.1586228591897632,0.8863990306849999
1.3573748201078053,1.0193990469
1.4345546129851643,0.849361002445
1.3123431287882854,1.0106669664399999
1.4241128632667193,1.33151602745
1.6478876673756946,1.2150089740799999
1.5673615847221247,1.64559102058
1.8455345439157347,0.970878005028
1.38337299734775,1.4112720489500001
1.6897766708147932,0.7953929901119999
1.269929198471481,1.04633104801
1.4361236915421636,0.887933969498
1.3373736501537947,0.8349300026890001
1.3149811173825074,0.984719991684
1.4144435107198323,1.09039402008
1.4873031459456731,0.490164995193
1.0828335987798043,0.6141669750209999
1.1653012063329338,0.631474018097
1.18502874741457,0.825244009495
1.3135203094131238,1.05145096779
1.4558955281982184,1.0471149683
1.4468783292809804,0.39214301109300004
1.019835627971969,0.469514995813
1.0759056884105127,0.772090017796
1.2801252524799882,0.7520099878309999
1.2597058290678647,0.687739372253
1.2273106757347045,0.6718119978899999
1.2094353970019136,1.18593323231
1.5536605279841318,0.657198011875
1.1954352346744075,0.8213180303569999
1.305664731187857,0.7795739769939999
1.2831866851066165,1.03012299538
1.4475911114352684,0.621188998222
1.1745451103185596,0.8660820126530001
1.3396455263444125,0.960893154144
1.4047746419104432,0.6760399937630001
1.2105795200097582,0.740238010883
1.2558605503416453,0.598470985889
1.1676748144298346,0.615105986595
1.18001356470164,0.935873568058
1.3890844787714556,0.58182477951
1.156311155127804,0.715665996075
1.2389871529231202,0.6529520154
1.1961862479731993,0.9700022935870001
1.4108210505136547,0.7834500074390001
1.2790954961527252,0.744813024998
1.2494677559125797,0.8276180028919999
1.311706306056704,0.8943400979039999
1.367970477754275,2.50501704216
2.3837984084320225,1.62071204185
1.7707703583233902,1.41758596897
1.6384604212965053,1.04987204075
1.426382748300987,1.22650754452
1.5862032451599801,1.0431790351899999
1.4520563517767853,0.9694439768790001
1.4038928719207022,0.819225013256
1.303961039475354,0.8129550218580001
1.3034862660237032,0.671208024025
1.2108458932362258,0.528989970684
1.1267076049103801,0.346193015575
1.0115457635381113,0.47894901037199994
1.0997056589808631,1.15381097794
1.5415848711167044,0.9671270251270001
1.4054306438679953,0.784583985806
1.2831164225470824,0.470185995102
1.0844908143435534,0.563278257847
1.155318079379385,0.24162399768800003
0.9452989834370737,0.270985990763
0.9648947510340631,0.199468001723
0.9245971067091785,0.132716998458
0.8904655714257329,0.47326201200499995
1.107483952996225,0.6585559844969999
1.209845393388484,0.962188005447
1.4125529686752918,0.511197984219
1.1123955786788011,0.982978999615
1.4250098281832384,0.910009980202
1.3626985146723998,1.0265760421799999
1.441836279621403,0.830938994884
1.3130006453408845,0.9651920199390001
1.4075210299229821,1.00054395199
1.43966040649048,1.98318505287
2.093897098028762,1.27485501766
1.5772662036551945,1.28652596474
1.58486576856869,1.3822449445700002
1.6605575810376556,1.73692405224
1.8808578733505634,1.25766801834
1.5587754538606249,0.7533379793170001
1.232158655434951,1.0849089622499999
1.4745104039911858,1.06249403954
1.4614382534532935,0.778762996197
1.2758908552717891,0.825646996498
1.316110850803427,0.989183008671
1.4260794810781212,1.41809201241
1.7053014327068297,1.15167796612
1.5188365870958178,1.25036406517
1.589657344670007,0.879401981831
1.3427997744060025,1.0894230604200001
1.485839728005758,1.80906295776
1.9525625055298874,0.868739008904
1.3175051582672168,0.8521729707719999
1.3129075945295023,1.3078379631000001
1.6323751375831723,1.2625759840000002
1.592484274808199,0.760155975819
1.2593469981301948,1.06988704205
1.4755813359783896,0.8579840064049999
1.3179126847540579,1.14932394028
1.5154623758275851,1.06714296341
1.468344870243326,0.740061998367
1.2559473429437131,0.679988026619
1.2205560674876383,0.7323921322820001
1.2639390749202124,0.835274994373
1.3248331144885268,0.600082993507
1.1718837801801982,1.0105639696100002
1.4416717162306627,0.761397004128
1.2675803687589182,0.726006984711
1.245233211959109,1.06432402134
1.4725526160395488,0.5901079773899999
1.1563439475939428,0.774465978146
1.2742734063207932,0.7406870126719999
1.2577408979088678,0.890836000443
1.359728161129944,0.7620100975040001
1.2771915460492924,0.777450025082
1.275144342138526,0.581107020378
1.1482495924254374,0.7908779978749999
1.2981346482678138,0.890371978283
1.3617856789693519,0.788205981255
1.2947002058506538,0.730194985867
1.256105503226277,0.924893319607
1.3879416021657103,1.26558697224
1.5994024993538167,0.7884140014650001
1.2798177874361587,0.91806101799
1.3732085138457615,0.656926989555
1.2014775382998388,0.825268030167
1.3134802579717655,0.42572298645999995
1.0500682461846123,0.9114630222319999
1.3718169003250196,0.7238519787790001
1.2468392012736709,0.965731978416
1.4018642599546285,0.719420015812
1.2341999005153017,0.714648008347
1.2336468667592286,0.618879973888
1.185171308584473,0.850296974182
1.336870153309634,0.611301481724
1.1829132818937023,0.840580999851
1.3259741959182734,0.590990006924
1.1602857787737992,1.1918078661
1.5594245877159882,1.07247805595
1.4531207555707395,0.7976800203319999
1.2741261863482163,0.714037001133
1.2270146800201986,0.888561010361
1.3616282320505932,0.736729025841
1.259623601048729,0.9655410051350001
1.4110391387767705,0.856945991516
1.3329674806265852,0.583833992481
1.1561084003620419,3.0475621223400005
2.7327599127639606,0.8865389823909999
1.183059469151138,1.1864609718299999
1.3646128919770744,0.87507301569
1.1896429092889942,1.11197304726
1.4712197250189358,0.692927002907
1.200949863673706,0.563274979591
1.1165820775136412,0.551968991756
1.1229735106078276,0.921135008335
1.379630806481243,0.546503007412
1.1308522406560402,0.999785006046
1.4302979054958678,0.75122398138
1.2530958016272586,0.840256989002
1.3167583291380949,0.784314990044
1.2816197621413747,0.591548025608
1.1578992794749041,0.610984027386
1.1795507214006133,0.9328789711
1.3914503401680827,0.799202024937
1.2920965237366415,0.983354985714
1.4150007364169435,0.54052901268
1.1300478634026954,1.0936700105700001
1.4926181557649016,0.9266330003740001
1.3735911986088072,0.797241985798
1.2932137095007181,0.589605987072
1.1656697161404095,0.7799540162090001
1.293152230036944,0.518279016018
1.1174391223263362,0.7263879776000001
1.2555723648245134,0.621636688709
1.1891145226122317,0.881067991257
1.3539349021166975,0.731501698494
1.2492612316850005,0.970385015011
1.4085178262886946,0.871535003185
1.3434357925748666,0.5505740046500001
1.1327773693149437,0.257629990578
0.9517081470501509,0.6952109932899999
1.2334561893048457,0.35474300384499996
1.002019494106781,1.30835092068
1.631406317330312,1.42471003532
1.7006258519739996,2.4222431182900004
2.3755833813823157,1.58809316158
1.7834176308249152,2.8828899860400004
2.643258149838319,1.51081001759
1.6937210982049815,0.5103110075
1.0468707845509355,0.663749992847
1.175301282566351,0.586565971375
1.1609603903488963,0.918299973011
1.3782698186029165,1.1263630390200001
1.5131458075033315,0.9455379843709999
1.387807674566067,0.7979699969290001
1.2855678985439787,0.88952600956
1.3479943830543883,0.501745998859
1.09010971776733,0.788908004761
1.2829014930343912,0.557146012783
1.1439528789312405,0.8079270124439999
1.3074235252500528,0.7382910251620001
1.2586873266544762,0.6742079854009999
1.2172712534250665,0.878771364689
1.355450688753515,0.7401880025859999
1.2570804364977797,0.888650000095
1.3569010681941491,0.798327028751
1.2949942549737476,0.513779997826
1.1072199017224913,0.776037275791
1.2848009381739194,0.852828025818
1.3208679828259304,0.785162985325
1.2781966143808574,0.8431609869
1.3219873121875256,1.02479887009
1.4451289572870112,0.8044279813770001
1.2927757285124475,0.8841310143469999
1.34565668842402,0.36156499385799995
1.015874609783961,1.1714910268799998
1.5458961910196871,0.447791010141
1.0578577017681907,0.766573011875
1.2727828541952693,0.773559987545
1.2828988115512296,1.05482304096
1.4641135110871333,0.784330010414
1.2822686862015686,1.0342509746600002
1.455273297909103,1.09697902203
1.4946918842926935,0.7633029818529999
1.2692657383258645,0.5883730053899999
1.158943423111929,0.636563003063
1.199234547657941,0.575070023537
1.1596898002893523,0.539964020252
1.1383180007681535,1.32467114925
1.6518550827556013,0.817846000195
1.2947767463428812,0.635960996151
1.171851927750295,0.813592016697
1.3006448998936386,0.987214028835
1.4237244342652797,0.983928978443
1.4196222580000353,0.590479016304
1.1582391000508876,0.898679018021
1.3678561618314482,0.626800000668
1.1896078138076438,0.692685008049
1.2330554690796682,0.575704991817
1.1561311506370542,0.676468014717
1.227146601462226,0.827947020531
1.3207184853904967,0.654785990715
1.2065841395837147,1.0858155489
1.4926681729417204,0.8509550094600001
1.3288976827360468,0.887935996056
1.3567142666730054,0.6557850241659999
1.2021373567238076,0.659780979156
1.208504046985723,0.885627985001
1.3578553203295243,0.750299990177
1.2660503794122433,0.9303160309790001
1.389684931932252,0.7259460091590001
1.2459698653175135,0.7123904824259999
1.239472881970232,0.932657003403
1.3830939546937078,0.654497027397
1.19042368515564,0.498726993799
1.0932024077458962,0.9782410264020001
1.4193325976861182,0.559324026108
1.1387957416593504,0.8733990192409999
1.3472619161883952,0.6232500076290001
1.1822426293066242,0.631924986839
1.1951116494238856,0.833535015583
1.3227534459897354,0.861343026161
1.3389501109965314,1.03601300716
1.4456166382434015,0.6160370111469999
1.1667427065549605,0.987452983856
1.4160200307403852,0.668673992157
1.213180417420487,0.645533978939
1.1951752454297042,1.00703001022
1.4360303355002288,0.7763000130650001
1.275570858148003,0.9358490109440001
1.3866436904435904,0.6626719832419999
1.2116355045007807,1.11335194111
1.5113188253246854,0.54953199625
1.1352208768286836,0.927363276482
1.3924594664259904,0.821533024311
1.2961507406114319,0.919354021549
1.359803635452801,0.6899859905239999
1.2179191363509134,0.649773895741
1.2117755148755196,0.970504999161
1.4105846516930025,0.8034440279009999
1.2978715052221377,0.8920990228650001
1.363352137737474,0.746227025986
1.266680020615742,1.4954074621200002
1.7549066852896757,0.7597569823270001
1.2168314803645148,0.967728018761
1.3532224389094811,1.12601101398
1.4727043533484625,0.764141976833
1.2404233090320247,1.42381894588
1.685870671014408,0.830919027328
1.2820003926173553,0.531687021255
1.0925650898662482,0.694292008877
1.2135053603890464,1.09710001945
1.4975634865036669,0.86237102747
1.3345846474494967,0.971195995808
1.4064655106678472,0.750190496445
1.2632557132881836,0.565989017487
1.1537327808829936,0.7235890030859999
1.2577334432710117,1.0888769626600001
1.5004559315993578,0.261454999447
0.9516881176890875,0.192316800356
0.9115771868503217,0.204839006066
0.9251107907052962,0.375299990177
1.0395231443882291,0.18789100647
0.9154298606972888,0.417883992195
1.0616812682963694,0.612834990025
1.191554303720812,0.48221001029
1.0984741365486053,0.813664972782
1.3165561374299333,0.899798989296
1.3731636164508827,0.766745984554
1.279094241769636,0.6762999892229999
1.214804108672517,0.980409383774
1.4221231560787673,1.07553303242
1.4655373457249135,0.645973980427
1.1855618440270796,0.76016998291
1.2667309478457487,0.8707180023190001
1.3449547099911652,1.04555702209
1.4567453164166684,0.483233988285
1.0852887624415304,1.08598899841
1.4878004880267468,0.7320979833600001
1.2508605292236084,0.712899029255
1.239832025324339,1.0453890562100001
1.46904428316572,0.735920011997
1.256525834804316,0.8956930041310001
1.3654511566255156,0.874550998211
1.3505765166269978,0.923747003078
1.3847237251629316,0.999778032303
1.4310796655640763,1.73953402042
1.9048296031011047,0.810788989067
1.2648895676456928,0.7049050331119999
1.1953051838968178,0.832826972008
1.2994950941789325,0.827660024166
1.3169032331994164,0.895310997963
1.3638133179120864,1.45950102806
1.7346595364508781,1.17951905727
1.5317816847126664,1.4434119463
1.7153097220113698,1.30673503876
1.6267378799201107,0.763499975204
1.2602935788377205,1.1451480388600002
1.518039305379133,0.725345015526
1.2496847503530895,0.76335901022
1.2813445974117577,0.61748200655
1.1791952109863333,1.02932298183
1.4510864077397791,1.30205595493
1.62718223417923,3.16412496567
2.8610029886795805,0.9734439849850001
1.3477325803725995,1.2296710014299999
1.5240552519276058,0.744153022766
1.2288209748985761,1.0630340576200001
1.472970185106614,1.1238720417
1.508124118977959,0.898477017879
1.3570365951845682,0.7175139784810001
1.236461641311804,0.536750972271
1.1252203299279617,1.17544305325
1.54626291118219,1.10104894638
1.4949963792427365,0.573449015617
1.1457860233260295,1.4311449527700002
1.7177380210027664,1.0377949476200001
1.4404414260878124,0.656862020493
1.186339834693794,1.0749080181100001
1.4794338596035572,1.3859720230099999
1.688157978905558,1.0048049688299998
1.4238761590328597,1.6095399856600001
1.8312526139191023,2.8175759315499995
2.623545083847243,1.96256256104
2.018659001770421,1.27975201607
1.551861336919466,1.9953299760799998
2.0514042152485366,2.03338599205
2.0978330237726244,1.3074439764
1.6154090618004988,1.61125802994
1.8201837989700878,2.04021811485
2.099570495477576,2.18324494362
2.1928457905144962,1.35141599178
1.627680541056421,0.7242180109020001
1.2264062147192374,1.3633890152
1.6619229174118382,1.52680897713
1.7703990521211685,1.78401958942
1.9476659472034799,1.10359704494
1.4651495681965157,1.76300799847
1.9180095519522231,1.15754902363
1.5033387205024575,1.15332603455
1.5035990987732917,2.3628110885599996
2.325341696174323,2.58078789711
2.46165578398604,1.24214696884
1.5362865632141502,1.7128210067700003
1.8557780147241105,0.6676509976389999
1.1756095797264614,0.8271329998970001
1.3186614864282082,0.9642647504809999
1.415345060021917,1.3941617012
1.6886701331651763,0.758404970169
1.2512665418149473,0.690075993538
1.2104635821807612,0.674024999142
1.209435481216112,0.861522018909
1.338632363204503,0.790746986866
1.284107230508329,0.728500008583
1.2490066343238289,0.241198003292
0.9479610524379025,0.335460007191
1.0141074279799418,0.591246008873
1.1780849949365688,1.0584269762
1.4706558682613886,0.766991972923
1.2743103021666933,0.588123977184
1.1593477432155506,0.5922303199769999
1.1742635707692113,0.875351011753
1.3515507446349415,0.7038279771799999
1.2400105722363965,0.567749977112
1.1477388929500933,0.713387012482
1.2449282091322555,1.07750594616
1.4809712048688302,0.690941989422
1.2098800943657737,0.772458016872
1.2660507213594818,0.7237120270730001
1.2490484691418062,0.9752489924429999
1.4154394961260817,0.9151769876479999
1.3756066023462403,0.757400989532
1.2723430225103902,0.691206991673
1.2305446596171845,1.1835279464700001
1.553562080746238,0.7705749869349999
1.267091834849075,0.894770026207
1.3521277577185387,0.614335000515
1.1618697905600466,0.769231975079
1.2677918572856839,0.907074987888
1.3655478810546107,0.40680998563799997
1.0272087323372763,0.513888001442
1.0961712386474465,0.24814699590199998
0.9415633757658145,0.256875991821
0.9635229600153583,0.598065972328
1.1790526460295099,0.598169982433
1.175092158856774,0.880114018917
1.358719946465531,1.08564901352
1.492514187023406,0.9920129776000001
1.426734321273027,0.8743849992749999
1.3395716596962,0.8770260214810001
1.3438784900359193,1.008928895
1.4414340303932827,0.808875977993
1.2778372255439572,0.6714209914210001
1.188973675804063,0.744962990284
1.245264059205514,0.694267988205
1.2276556487123904,1.00188601017
1.4305038528006238,0.793558001518
1.2846209398857544,0.845004916191
1.3249964305088546,0.803124010563
1.2912942951028568,0.5744469761850001
1.1395696058062859,0.567972004414
1.1359147382321542,0.453808009624
1.0778902609416703,0.8494881391529999
1.3364479893381003,0.40645998716399995
1.0437627284821849,0.245351999998
0.9431033071612142,2.32321810722
2.2164599455186624,2.02711558342
2.0093616553967655,1.5811179876299999
1.6818761998026959,1.72704994678
1.7897113593871643,1.15064203739
1.4031239673270104,1.6079339981099998
1.7108085801232595,1.33123397827
1.550313849770749,1.22164201736
1.482364474138208,1.58354198933
1.7255063233991206,1.60866212845
1.7416285604016568,2.18565392494
2.0935797709903667,2.98955988884
2.6425199145714013,0.75744998455
1.142080494591826,1.8113440275200001
1.8368669290996757,1.5279519558
1.6797575074204443,0.889223575592
0.6459468354199627,0.5365863585305319