0.772783472282,1.25800204277
1.0329711399,1.06970095634
0.942805374949,0.727460980415
0.75250001264,0.789277017117
0.784684306547,0.623775005341
0.69806488162,0.691469013691
0.724425520075,0.855771005154
0.832506488075,0.709383010864
0.747141703423,1.01454794407
0.906142199118,1.1157310009
0.977210497131,0.41828301549
0.618181887649,1.00228095055
0.919589669503,1.21886098385
1.00659378595,1.14329600334
0.981073650031,0.652818977833
0.740375560872,0.674655973911
0.740559238143,0.600953638554
0.669557489522,0.669457018375
0.733772790113,0.653807997704
0.723656930011,0.781412005424
0.771932080192,1.20630395412
0.997735617652,0.846925973892
0.829736074825,0.82864099741
0.817123684822,0.648239016533
0.698776125101,0.56237000227
0.646960294124,0.718330979347
0.724571097569,1.09964799881
0.956647610575,0.954171001911
0.906561730023,0.729013979435
0.802985211717,0.669449985027
0.717301725436,0.863121986389
0.83523439798,0.646466016769
0.717477290284,0.822318017483
0.79124715801,0.923597991467
0.853544411967,0.830092012882
0.827528186894,1.06731402874
0.943078432192,1.54617500305
1.21940241939,0.682727992535
0.791141767433,0.63856202364
0.757312009948,0.646423995495
0.735048719665,0.688109397888
0.71539564223,0.727398991585
0.746039230545,0.650035023689
0.705817734032,0.869369029999
0.810768805896,0.440858006477
0.603883491443,0.451860994101
0.601001514733,0.757507026196
0.761273771282,0.495238989592
0.64050393126,0.685087025166
0.72627768557,0.724381327629
0.725269151156,0.865374028683
0.818424170491,0.740046977997
0.742929069936,0.807075977325
0.793054471732,0.820433020592
0.794569435801,1.11441195011
0.946068762504,1.1086050272
0.965218669007,0.475149989128
0.648264626434,1.03926801682
0.923872381007,0.945789992809
0.875312867644,0.787750005722
0.785031594894,0.350454986095
0.568745753264,0.936771333218
0.855265565409,0.986805975437
0.913896787503,0.647023975849
0.717586640768,1.02977705002
0.930885678896,1.18744695187
1.01857699503,0.932882010937
0.924428980406,0.752837002277
0.815253812195,0.642004013062
0.743246871457,0.23073400557
0.452895288634,0.471499711275
0.571622614449,0.877272963524
0.796680356906,0.787630975246
0.822105352314,0.274221986532
0.529536136846,0.399226993322
0.587105752531,0.992351233959
0.863253156411,0.762723982334
0.793808063996,0.720085978508
0.771526211549,0.626478016376
0.69751532097,0.726989030838
0.743935513563,0.9301019907
0.846465990759,0.687269985676
0.722495245417,0.866255283356
0.813514105418,0.835203826427
0.801398456073,0.940249979496
0.889815016636,1.0233579874
0.929093734555,0.732262969017
0.762094120755,0.930074989796
0.853316393009,0.870293021202
0.86417716177,0.510402023792
0.65947530439,1.0258179903
0.903094784447,0.455123990774
0.595668666318,0.734534978867
0.740367468302,0.701291978359
0.730665242245,1.01438605785
0.893097006886,1.12377023697
0.954606556425,0.482537001371
0.627859103225,0.468932002783
0.629689639452,0.875519692898
0.824048729394,1.14542496204
0.974195023603,1.94378745556
1.38769508238,1.55703902245
1.28426841084,2.10477590561
1.57462818177,1.06224000454
1.01228634202,0.786782979965
0.788879260954,2.24797105789
1.61822068781,0.566466987133
0.805341037902,0.838972985744
0.966372798331,0.318818986416
0.624436930511,0.638668000698
0.691413522087,0.754026651382
0.740276042104,1.08582603931
0.938742672208,0.601429998875
0.693166956079,0.692322015762
0.736356983288,0.878243982792
0.82675196646,1.27922403812
1.04488034602,0.725166976452
0.769124041791,0.428310990334
0.594203629554,0.701224982738
0.714055123751,0.884622573853
0.822053884959,0.780965387821
0.785257981765,0.92597001791
0.893842816999,0.917864024639
0.889500442946,0.90730202198
0.85940134244,0.409945011139
0.555441149764,0.87414598465
0.815161760377,1.2313439846
1.00436484399,0.768396019936
0.77995428237,0.935733914375
0.853028405581,0.752327024937
0.765279624399,0.624783992767
0.700855529422,1.97794723511
1.41725667557,2.47647929192
1.91715662113,0.682259976864
0.952462884826,1.29407799244
1.26847286359,2.1165060997
1.61386470076,2.03023004532
1.60622723387,1.72759306431
1.44802937725,1.32161903381
1.21699351239,1.11427497864
1.00947162528,1.61848294735
1.25525410739,1.10235404968
0.993335315877,0.850126981735
0.859338778949,0.653181314468
0.724965170669,0.616827607155
0.69721653124,1.02320480347
0.893580990796,1.17678105831
1.02344519603,1.10875403881
0.998013558127,0.983811020851
0.922235307446,1.82992756367
1.33097366141,1.34213101864
1.21160559484,1.26566958427
1.17727123298,0.793037712574
0.896398814227,1.03068935871
0.953156559724,0.821023225784
0.835315230346,1.0991692543
0.969930006783,0.525535523891
0.67600672302,0.775839388371
0.795169579808,0.720975995064
0.738499153573,0.866677105427
0.810434050223,0.846204102039
0.801381387143,0.761413216591
0.76811276811,0.658724606037
0.717388217765,1.07865929604
0.923748518245,1.281940341
1.09283753054,0.660000503063
0.825867708691,1.11250054836
1.04932004899,0.628070473671
0.760230290544,0.686457574368
0.711893752834,0.900040984154
0.841219284529,0.734256923199
0.772116267213,1.01112127304
0.901832294766,0.882759988308
0.844153301975,0.752141177654
0.759981844268,0.948941111565
0.865787374743,0.679905295372
0.749053072976,0.721156597137
0.742183395919,0.650410473347
0.742758036273,0.716710627079
0.779265356316,0.90563160181
0.847769646068,0.652646481991
0.710964732892,0.705665409565
0.722042992061,0.658105790615
0.708033390803,0.659279406071
0.712591068289,0.663406431675
0.703526349477,0.780800282955
0.769665145883,0.756590723991
0.756720934511,0.92804056406
0.855697196434,0.707382977009
0.757731365593,0.388839989901
0.580128292928,0.342241793871
0.536251394785,0.233730003238
0.439670087026,0.145912706852
0.386755460256,0.394953489304
0.536139946518,0.967840969563
0.845475748643,0.783922016621
0.788229095024,0.833375990391
0.810571356791,0.972325980663
0.869540878851,0.690521001816
0.73890348078,1.34532403946
1.12974630222,0.722701013088
0.829893253169,0.680485010147
0.793988600935,0.761061012745
0.771392410906,0.8075709939
0.807196829193,0.588663995266
0.683428253079,0.996075093746
0.877896378127,1.04541397095
0.933996792986,0.47130599618
0.646070769165,1.04714095592
0.923829174097,1.12621426582
0.967065255398,2.56046175957
1.97478972817,0.774761021137
1.09712344837,0.717206001282
1.05727770741,0.800508022308
1.03363667248,0.568039000034
0.717263225648,1.19578003883
1.0404918215,0.797044992447
0.847869995018,0.489935994148
0.66885667724,0.991813004017
0.897174675446,0.744569003582
0.753167077407,0.609637022018
0.681320117728,0.856591999531
0.814793668095,0.814429998398
0.800187054521,0.760592997074
0.765747428432,0.915751993656
0.852104844224,0.742163479328
0.753102212633,0.732936024666
0.769812976772,0.874569118023
0.824478685622,0.964491009712
0.882783567792,1.47767198086
1.29242921255,0.675267994404
0.890664895401,0.503040015697
0.770482632345,0.706665992737
0.798715646059,2.96819591522
2.00156727229,1.25530099869
1.17949750518,4.08481502533
2.71278923848,1.69232296944
1.4692370377,0.412105202675
0.758009435873,1.03575098515
1.08563843446,0.640892028809
0.730891457196,0.706547021866
0.718834602994,1.06083035469
0.905513953086,1.88095402718
1.38296345331,1.88637399673
1.42102262272,1.32877397537
1.14811572833,0.393184006214
0.64402451798,0.638243019581
0.752340229588,1.04553198814
0.911266936956,0.658802986145
0.731204660818,0.80467402935
0.79819686015,0.87404102087
0.820031225145,0.853255033493
0.817787240984,0.895210981369
0.843377073068,0.730158984661
0.770190759995,0.414941012859
0.582096380204,0.270094007254
0.467525200008,0.491131991148
0.597464868067,0.507916986942
0.614121986151,1.22402000427
1.05993459733,1.26765799522
1.08955151999,2.63348793983
1.91098326709,3.99961543083
2.76511045606,6.65141820908
4.68131795188,2.10267806053
2.28869166353,1.28368997574
1.81411182698,1.29134750366
1.73121610287,1.35375404358
1.55820320282,2.39019107819
1.79231400577,1.46144104004
1.3168724521,1.599208951
1.36637509122,1.4711509943
1.2407593166,1.29820501804
1.13591561371,1.57962203026
1.27114293166,1.36035501957
1.15731952904,0.803641021252
0.914809675211,0.427668988705
0.691360989336,0.269407004118
0.57432467586,0.389717012644
0.566465283378,0.417917013168
0.572202826236,1.54603600502
1.17877253227,1.01761102676
0.934181832883,0.865315020084
0.854071980812,0.619410991669
0.732476066392,0.845414996147
0.821446997145,0.804859638214
0.796456510943,1.43588900566
1.12566905572,2.56575202942
1.75209425756,6.206179142
4.15459203894,0.930949985981
1.37053025127,0.907775998116
1.35587143111,0.460979789495
1.00844584921,0.5264570117
0.77640738596,0.794224977493
0.775882104073,0.970400989056
0.864781204546,0.669588983059
0.708314523316,0.699773013592
0.724271149493,0.690366983414
0.726301860174,0.63616001606
0.701404261246,0.972670018673
0.895944182411,0.639338970184
0.725654371376,0.512377977371
0.655968851351,0.569913029671
0.659854720871,0.83180898428
0.809168468514,0.469411015511
0.616475782728,0.905430972576
0.853377771326,0.848275005817
0.830627123703,0.656663000584
0.713228730884,0.63240557909
0.676077200433,0.326855003834
0.523069349277,0.304740995169
0.505472472357,0.21594800055
0.432076335507,0.214847996831
0.437701621603,0.151231005788
0.39979646061,0.415333837271
0.547099240872,0.734420001507
0.728134349121,0.991337001324
0.889600668818,0.791000008583
0.780148880332,0.742917001247
0.751919444004,0.74265486002
0.749771336533,0.879913985729
0.831240245255,0.73768299818
0.766917129369,1.24034297466
1.03773448498,0.83434098959
0.850230262456,0.305472999811
0.54609416957,0.892946004868
0.831772691304,1.28586602211
1.04949123035,0.414640009403
0.64442234254,1.09013700485
1.002128133,0.592383027077
0.712488811047,0.377326011658
0.540384569297,2.69359731674
1.79776796868,2.2886660099
1.83250549178,0.895527005196
1.14518344132,0.807057023048
1.06777532117,1.19486296177
1.15544192136,0.892940998077
0.888804391619,0.977608025074
0.931365298908,1.83250701427
1.37500430223,1.40379297733
1.18509532123,0.722374975681
0.821120759062,0.659941017628
0.754830589844,0.740734994411
0.747385321885,0.555365979671
0.651292774419,1.23676896095
1.02853957125,0.621402025223
0.731275288334,0.710873007774
0.764236835539,0.306477993727
0.525890760455,0.647334992886
0.679201040706,0.545826971531
0.647293110155,1.02424776554
0.883668301288,0.817682027817
0.859144840669,0.744062006474
0.82165456877,0.736715018749
0.794529388777,0.576856017113
0.644888207695,0.915260016918
0.858858886021,1.13702905178
0.971897301868,0.496008008718
0.624794249088,0.49413600564
0.584282522483,0.883453309536
0.796566577093,1.27152490616
1.01384244773,0.886436998844
0.891446116628,0.898828029633
0.896598309652,0.904977977276
0.882325464827,0.829931974411
0.796915556105,0.875630021095
0.831064315098,0.550292015076
0.651630935498,1.07391941547
0.920170117439,0.849192023277
0.841457516778,0.63932299614
0.719309601394,0.799530982971
0.78254432214,0.964600026608
0.888336878806,0.841355979443
0.836468872555,0.701144993305
0.75508286018,0.72400701046
0.735537047153,1.01030802727
0.893840207107,0.65380603075
0.713339528123,0.793285012245
0.775486310982,0.65383964777
0.693973536812,1.16078996658
0.967166094945,0.808578968048
0.80482135568,0.374377012253
0.564059976757,0.25569999218
0.470762785579,0.489315003157
0.590029278872,1.15184402466
0.966499364953,0.737277984619
0.767428760339,1.08875095844
0.936120035771,1.97585296631
1.45765546714,0.854770004749
0.94731204661,0.797737002373
0.908254841735,1.0524289608
0.990584583231,3.17945098877
2.15550826279,1.79706799984
1.47492268832,1.05670201778
1.07038086099,0.875126004219
0.945711948543,0.664539992809
0.719172508725,0.757168412209
0.749795346777,1.36848402023
1.10323206472,0.905246973038
0.92726739983,1.0320609808
0.987412810767,0.614133000374
0.745044193461,0.973313033581
0.862175914544,0.645228981972
0.694256536672,0.48943901062
0.607259853481,0.840867996216
0.793981923487,0.777194023132
0.760946180936,0.675535023212
0.717825792065,0.659205973148
0.699902117795,1.08415305614
0.930477872805,0.931410014629
0.862072238426,1.35947966576
1.10162906663,0.763398826122
0.818805151697,0.535733997822
0.685066483177,0.678188979626
0.723523854333,0.783981025219
0.758445764835,1.16936767101
0.962134118748,1.01528799534
0.976326837953,0.925943017006
0.922244515351,1.31924402714
1.12027539453,0.97174602747
0.936732065781,1.1762996912
1.00622724615,1.71460902691
1.32804019252,1.30733704567
1.14147263933,0.618689000607
0.76320374848,2.29843592644
1.73767636644,1.80824100971
1.50964174766,0.879414975643
0.996404886991,1.57094502449
1.27104499748,1.57851600647
1.25297162596,0.620030999184
0.763921689369,0.992881000042
0.942493862289,0.455186992884
0.609741811299,1.01739895344
0.884755102336,0.8378469944
0.812664151891,0.488476991653
0.617240076496,1.24634099007
1.03473549832,1.20963096619
1.02687027103,1.2524510622
1.04687257263,1.51972699165
1.19015783981,1.06379795074
0.954736163627,1.57149505615
1.24451348164,1.27810502052
1.11396473406,1.19207799435
1.06033607701,0.830443918705
0.830838737696,1.40201568604
1.13785470268,1.156504035
1.05784773712,1.16255486012
1.06485181537,0.60075199604
0.738197269848,1.25383579731
1.04607587676,1.79184401035
1.38750673045,1.73406255245
1.37355347305,4.93997097015
3.38508784984,2.39435100555
2.14884120421,2.21257591248
2.076870634,1.88652706146
1.79347118373,0.934382975101
1.00141050263,0.909982979298
0.871529117957,0.811299979687
0.840328076341,1.04970896244
0.956152500606,1.35178804398
1.11622127841,1.27730596066
1.11879948876,0.785444974899
0.858018743124,0.484622985125
0.671174902685,0.667635977268
0.719834057761,0.832251012325
0.794202543791,0.595937013626
0.673566504527,0.341089010239
0.533993727326,0.686011016369
0.720114515348,0.815351009369
0.791378913925,0.398543000221
0.565951466113,0.699815988541
0.718249881045,0.426369011402
0.604301038969,0.686613976955
0.745963703715,0.182677000761
0.436179557337,0.701882481575
0.702989459856,1.79668200016
1.48774915009,0.720426976681
0.995108755728,0.468064010143
0.829121864507,0.640887022018
0.875583570505,0.752052009106
0.760000320983,1.00181758404
0.873097940266,1.66080403328
1.26968039048,1.45059502125
1.16503701572,1.08501005173
0.988186485865,1.09955501556
0.989590454018,0.769418001175
0.811126994631,1.25443041325
1.04583102176,1.49632096291
1.21394124375,0.718636989594
0.846914270617,0.890201985836
0.92786661144,0.989175975323
0.919443671035,2.84901452065
1.93966839701,4.28107500076
2.98205795345,1.24873900414
1.31592104223,0.70965898037
0.990877905415,0.749743998051
0.938764680622,0.89074498415
0.836551581355,1.46952795982
1.14234436053,1.60888803005
1.46237191791,1.04346096516
1.17700859316,1.18475103378
1.23684287566,0.506372511387
0.768741856515,0.694615602493
0.719162108657,0.929911017418
0.859241524193,0.775462985039
0.781724997556,0.856469631195
0.823401197217,0.926900982857
0.896710482978,0.750666022301
0.802404747253,0.924884974957
0.900979476491,1.07016265392
0.976868270231,0.875288009644
0.911186982679,0.751103997231
0.846799603528,0.862757980824
0.874406108435,0.509657025337
0.66338695833,0.849524974823
0.814532887432,0.671136975288
0.73256345573,0.613218009472
0.73239158552,0.381054997444
0.586186626926,0.871042013168
0.824171004201,0.654031991959
0.718681196822,0.908967375755
0.848622678526,0.970902979374
0.91634360887,0.985692024231
0.942723930436,1.35625624657
1.14576201574,1.30987298489
1.16133245007,0.634491980076
0.813277966337,0.593350827694
0.771331383123,0.879638016224
0.854873917767,1.13183641434
0.973842389461,1.84127402306
1.39199597618,2.26174592972
1.6573575982,2.59797596931
1.85319164747,2.3991920948
1.77968071882,1.98229801655
1.55863404026,2.2695479393
1.68729281258,2.0178899765
1.60598344073,1.45226204395
1.36344749176,1.34279799461
1.29229589981,1.31191504002
1.22558681564,1.27676200867
1.12563463231,1.27526700497
1.10982096088,1.2104460001
1.05585606847,0.815348029137
0.860021248423,0.72711199522
0.801217582156,0.604301989079
0.698677238245,0.983035862446
0.900129256348,1.10152900219
1.01870219305,1.18372499943
1.05246296806,0.435640007257
0.635761729001,0.327004015446
0.512033981636,0.803984999657
0.782510617733,0.421685993671
0.579490608059,0.573455989361
0.642421415362,0.39594578743
0.547836950243,0.416375011206
0.568665198124,0.560397028923
0.640376484602,0.774905025959
0.76387151604,0.637084007263
0.697705194901,0.383926004171
0.558013366197,0.564873993397
0.656799515532,1.05471503735
0.909182828679,0.653770983219
0.724485830386,0.593102991581
0.681977249232,1.02260899544
0.911099733286,0.835986971855
0.813137982757,0.637534022331
0.699553015705,0.97559851408
0.873771912952,0.489807993174
0.642212369316,1.09864795208
0.948675314752,1.15116596222
0.987877379468,0.806124985218
0.811855534611,0.474476993084
0.615078099333,0.789602994919
0.766927424327,0.476253002882
0.620208978659,0.545522987843
0.646229191001,0.621280968189
0.676357087804,0.770770013332
0.765025977624,0.933706998825
0.874716838352,0.811055004597
0.842936720435,0.600552976131
0.710181115807,1.00252103806
0.895872942149,0.892165005207
0.859322529512,0.916085004807
0.863610722442,0.741342008114
0.7549499164,0.928324997425
0.849562933024,0.642940998077
0.737539174058,0.99500900507
0.904974503268,0.627136588097
0.716765427805,1.0386890173
0.931241258373,0.688800990582
0.747211367032,0.52141302824
0.632656649318,0.651027023792
0.723100456259,1.1597019434
0.989901522586,0.645640015602
0.737852680778,1.19586265087
1.03078952512,1.30470395088
1.11818664076,0.884442985058
0.926378624114,0.769770979881
0.854831545773,0.770210027695
0.830743640467,0.641828000546
0.693501934933,0.893715977669
0.854420097639,0.524725019932
0.664337366493,0.514221012592
0.640979870754,0.717274844646
0.731117316534,0.641076982021
0.755989122264,0.46898201108
0.659702874867,1.20375001431
1.04964017078,0.791195988655
0.842105044241,1.13630115986
1.01496966523,0.86429297924
0.908629181391,0.881403028965
0.906350366607,0.58174097538
0.720532120493,0.865119993687
0.800951311376,0.907812476158
0.841265538045,0.737774014473
0.77288826959,1.12037503719
0.955771443045,0.942247986794
0.860374558247,1.06006002426
0.927508330001,0.715842008591
0.754036206218,0.404020994902
0.566983213952,0.292077988386
0.485241913109,0.631792426109
0.668787905009,1.12466526031
0.949524294422,1.11569094658
0.980136865317,1.24741899967
1.06427670582,0.697616994381
0.765286610742,3.69397497177
2.47674746055,0.820483982563
1.15077960305,0.85730701685
1.16635251415,0.690235972404
1.03358995333,0.838596999645
0.937262653955,1.28772699833
1.04965033822,0.963222980499
0.966094762986,1.34329998493
1.14917513733,0.731616973877
0.834776834452,0.680921971798
0.738707214022,0.701478421688
0.720968468574,0.669803023338
0.720493806687,1.36564302444
1.09717310829,0.978142023087
0.933022130501,0.67867898941
0.782333505062,0.597633004189
0.723004814214,0.819377481937
0.819776925367,0.791110992432
0.816811286492,1.04414737225
0.954189472169,1.4000159502
1.17138191006,0.874862015247
0.89466219825,0.622817993164
0.747221435077,0.71640598774
0.743631604793,0.652350008488
0.704093654986,0.937929987907
0.856232151582,0.593699991703
0.688955247263,0.539344012737
0.647380040184,0.937008976936
0.863687716972,0.808772027493
0.810254549392,0.56542801857
0.672994288173,0.602082014084
0.667405375945,1.14667999744
0.978642578867,0.982424974442
0.923271967911,0.567151010036
0.697034815423,0.786639988422
0.777160905647,0.738843977451
0.751744002242,0.681029975414
0.726837542116,0.708697974682
0.732685789853,0.664233028889
0.704169697222,0.512479007244
0.637068711888,0.604038000107
0.68856672332,0.672879993916
0.71335199213,0.826541483402
0.802440679144,0.454686015844
0.612168220229,0.559450984001
0.67127816646,0.133221805096
0.407484629298,0.163306996226
0.399677011524,0.179786041379
0.401860577706,0.57479184866
0.643996257882,0.850814878941
0.796329977258,0.852764010429
0.802093122283,1.68762803078
1.2282089162,2.14952206612
1.59129467011,0.812285006046
0.924375479824,1.23963999748
1.13176135351,2.12843728065
1.53109726319,2.1392390728
1.63624211231,0.977988004684
1.04137284816,0.69377797842
0.862586568632,0.721879005432
0.789073581436,0.763116002083
0.76502828345,0.856532990932
0.812547120657,1.10933804512
0.96023104005,0.647634029388
0.725116442708,0.924187004566
0.869988906886,0.787732005119
0.805554710098,1.30556702614
1.07420145968,0.910771012306
0.891163696236,0.869964003563
0.869101167472,0.574302017689
0.680275679945,0.859953224659
0.808172667245,0.477584987879
0.627469466871,1.10801744461
0.94523062274,1.29072499275
1.13236749529,0.859157979488
0.897155209196,0.305898010731
0.565416362911,0.903901994228
0.838428175693,0.635275006294
0.692654970432,1.02342295647
0.894457999866,0.673066973686
0.740893633226,0.850479006767
0.823985546501,0.51419699192
0.643052597176,1.52795660496
1.15906329267,4.09438562393
2.82452860231,0.995235979557
1.3045847603,0.867044985294
1.22244805088,1.14105606079
1.30239628409,1.62225794792
1.34763102619,1.98020493984
1.47535499896,1.37554705143
1.1750335866,1.85186505318
1.46045081595,1.42092394829
1.23557024133,1.58917796612
1.29528995889,1.67319941521
1.31482611686,2.12393403053
1.68072085534,1.64840197563
1.43850765727,1.2047419548
1.17883172362,0.792083978653
0.893258130569,1.22702741623
1.02095177946,1.22695100307
1.04297242588,1.13134396076
0.988508316005,1.25246500969
1.03648015707,1.11689198017
0.978044306101,1.12238705158
0.977115518182,1.04015302658
0.933987683615,0.809131026268
0.820112876629,0.768105983734
0.7871159169,0.79829198122
0.781561561697,0.766672253609
0.772015825356,1.05736005306
0.929403880932,0.860769987106
0.830814744836,1.0707770586
0.928619528144,0.53015100956
0.650801283581,0.660418987274
0.71668375349,0.990917980671
0.898033652245,0.356153011322
0.568000460953,0.961823999882
0.873219052902,1.24482905865
1.01949726284,0.83812302351
0.844404994752,0.924598991871
0.876122126428,0.813166022301
0.799398592646,1.00306105614
0.904276342349,0.875234007835
0.837589057848,0.799139976501
0.788168330651,0.881296157837
0.818572734136,1.06308019161
0.916147912948,0.905704975128
0.86196974148,0.690955996513
0.743646021772,1.35597002506
1.08685736489,0.757239997387
0.799707591055,2.04375457764
1.47210479704,0.857613027096
0.946194430375,2.36495709419
1.70427245158,4.17923116684
2.72867348399,2.23356199265
1.7016667135,0.801339030266
0.961817693482,0.83728402853
0.923703455751,0.885152995586
0.810149088378,0.904034972191
0.836171001626,1.30293953419
1.05848022539,0.722869992256
0.785078334296,0.800912022591
0.825310165537,1.03291928768
0.918282901621,1.32162821293
1.08346834816,0.93677598238
0.900874453923,0.700770020485
0.789568545356,0.762431979179
0.799152588307,1.14493894577
0.96065105579,0.772161006927
0.794846721319,0.877215027809
0.840739197283,1.24350500107
1.02325585566,0.638184010983
0.782718941028,0.746819972992
0.837372787486,0.683992981911
0.7707093147,1.41950511932
1.11544389747,0.614147007465
0.747963406264,0.7347676754
0.816539250792,0.677056014538
0.757734152977,1.07402694225
0.939731150466,0.615638971329
0.704900733385,0.969237983227
0.87507715425,0.991612017155
0.889461645521,0.808956027031
0.794039414239,2.4351439476
1.77396719844,0.822347998619
0.981783605572,0.593822002411
0.823989963729,0.576224982738
0.782220978145,0.422423988581
0.561024889079,0.676587998867
0.705617233585,0.552034974098
0.653199310528,0.901522994041
0.834016379606,0.748996019363
0.776653014389,0.862758398056
0.837589658476,0.948074996471
0.909423992477,1.05561387539
0.950675133381,1.97002005577
1.49728717689,0.93911999464
0.993457307723,1.00904297829
1.01711674228,0.782402992249
0.815613924371,1.01626503468
0.902786509683,0.878274977207
0.841643890836,0.735361993313
0.763674046461,1.1099909544
0.955888400916,0.772719979286
0.779473936736,1.16498196125
0.972705993184,0.715721011162
0.775441398416,1.47547900677
1.17887918828,0.835452020168
0.868212971182,0.734466016293
0.798239567143,0.786192774773
0.778750875491,1.14346504211
0.99712815652,0.924699008465
0.882716822137,2.95876455307
1.99279781282,2.13832402229
1.7084839455,2.03871202469
1.65724411043,1.48020994663
1.34759465897,0.93676507473
0.959296324645,1.71593976021
1.33720969821,1.00140202045
0.995761348686,0.889622986317
0.907986928664,0.749293982983
0.783927981905,1.11518394947
0.955893379824,0.945782005787
0.914669780813,0.645218014717
0.760470472834,1.16484200954
0.990286767502,1.2443510294
1.0346767783,0.904510974884
0.869149186684,0.557525992393
0.691188662303,0.577834367752
0.698750030011,0.719983577728
0.786869414663,0.76077902317
0.811968187803,0.540440022945
0.685917995194,0.800967276096
0.810805730693,0.771014988422
0.821737196347,0.670971989632
0.765930344706,2.7689704895
1.94549779233,3.08613300323
2.29759533146,1.11635804176
1.27765224709,1.01826095581
1.21750534321,0.744261026382
0.991272284234,1.11438679695
1.07342329226,1.38051640987
1.21455967964,1.22909843922
1.15558763217,1.57323896885
1.34888404264,1.24559795856
1.1836255436,0.829861998558
0.958019211975,0.537698030472
0.733469407926,0.85938000679
0.846356596603,0.794964790344
0.805135944738,0.812288999557
0.844555179792,1.20946097374
1.03267126213,1.04361104965
0.947740406592,0.991446018219
0.918692941449,1.37764596939
1.11247472564,0.74953597784
0.807419236402,0.754966974258
0.797973509849,0.852221012115
0.827502904429,1.31262803078
1.07820299199,0.949999988079
0.918124603008,0.843397974968
0.849099079099,0.632993996143
0.718830018949,0.684849023819
0.749175137004,0.829603970051
0.813774838449,1.11777603626
1.0128393576,1.06051504612
1.00830770274,0.996671020985
0.956659775412,0.672604978085
0.730487041648,0.84998100996
0.83401004862,0.792970001698
0.802377410162,0.750954985619
0.772489671894,0.955626070499
0.863835510685,0.608583986759
0.692704397264,0.778249979019
0.785511653645,0.509814023972
0.646876548402,0.636431992054
0.711123267681,0.601559996605
0.680514834043,0.65563338995
0.715564937819,0.638554990292
0.723404416409,0.876289010048
0.852868812628,0.796747982502
0.814069674992,0.682483017445
0.751987340206,0.802550017834
0.799524848048,0.795031189919
0.800407372888,1.58489704132
1.25793321005,1.01748597622
0.978295843235,0.917778015137
0.907820792615,1.2302210331
1.08028360717,1.02789902687
0.972591228727,0.912555992603
0.899924016627,0.793597996235
0.833780044661,1.03043794632
0.942687221479,0.532537996769
0.686634747686,0.612778007984
0.714906669284,0.874128997326
0.831218566956,0.366723001003
0.570512262791,0.739175021648
0.764853689812,0.560423016548
0.672380165896,0.775817811489
0.78076507594,0.81029099226
0.823875098606,0.6437510252
0.740007320269,0.723645746708
0.783218105581,0.91138702631
0.904388812641,0.662783026695
0.788378207655,1.00203597546
0.970960545955,0.822441995144
0.916160731988,1.03057694435
0.999009838775,0.678113996983
0.802535313189,0.533345997334
0.658633640867,0.320995986462
0.543054799714,0.760863006115
0.772568696732,0.743986010551
0.764761817219,0.546840012074
0.658389726205,0.700466990471
0.733645374072,0.835652589798
0.80990190215,1.27425897121
1.11330831346,0.893445014954
0.938503351331,0.621165990829
0.774812474129,0.790015995502
0.825269271789,1.06749498844
0.994832107732,0.66980099678
0.791473684459,1.26569497585
1.08423719664,0.638062000275
0.755571279298,0.934803009033
0.905397971176,0.800641000271
0.8091821671,1.08570897579
0.978985603996,0.352703988552
0.586946895513,0.588370978832
0.709360373687,0.487542003393
0.614000304583,0.463688015938
0.605341244109,0.363703995943
0.543343385507,0.875024318695
0.80968130369,0.643527984619
0.744015063036,0.483413010836
0.645244658702,0.212089002132
0.477609896547,0.456046998501
0.59778784349,0.43679100275
0.584376382024,0.723880410194
0.744750814475,0.556069016457
0.682264588648,0.474842995405
0.630532642386,0.267464011908
0.484300012015,0.958843708038
0.870530370115,0.78689801693
0.809595876517,1.79436099529
1.34315561467,1.33767795563
1.13631776802,1.21045398712
1.06471693681,0.56547999382
0.717548518139,0.400842994452
0.57365518999,0.272765487432
0.473901271696,0.583644986153
0.664157060959,0.853380262852
0.803496009763,0.866061031818
0.817563039419,1.15834999084
0.98347366373,0.776485979557
0.800631535485,1.06880700588
0.936295068955,0.588847994804
0.701707538827,1.5888684988
1.26769554385,0.432785987854
0.720735049315,0.399603009224
0.700308009421,0.554534971714
0.748279694252,0.622197985649
0.688608351243,1.14955198765
0.986873701503,1.12126004696
0.971460442821,0.977645993233
0.888405490792,1.73274195194
1.30718543651,2.30270791054
1.62856466685,1.05347704887
1.02052091917,0.796280026436
0.874044843016,0.520332992077
0.692529184174,0.610480010509
0.671756874176,0.445305794477
0.578246349639,0.652213871479
0.701251305835,1.17554116249
1.01704741193,1.0322021246
0.972499629597,0.719393014908
0.821061522967,0.820013999939
0.861182972299,0.949733018875
0.936855277336,1.03911495209
0.972587620046,0.58838301897
0.717483593082,0.950855970383
0.883157992845,0.527760028839
0.666957973265,0.773606300354
0.781442258734,0.970355987549
0.907671785232,1.38388991356
1.11451643659,0.779523015022
0.87418997971,0.606999993324
0.793070896557,0.466057002544
0.687434024141,0.945527017117
0.880170098086,0.623872995377
0.691597633291,0.392324000597
0.579353829968,0.515654981136
0.631061178014,0.967938542366
0.85034896855,1.3565659523
1.11119125967,0.907269001007
0.884318661759,0.816276013851
0.824575432311,2.47986698151
1.74134422532,1.13308000565
1.12932963257,1.04558396339
1.07081738719,0.847437024117
0.929871860631,1.5365229845
1.24339110124,0.900898993015
0.931521864829,0.481200993061
0.699640645185,0.85725402832
0.849474733839,0.861747980118
0.847817955971,1.0086940527
0.921482233,1.12772703171
0.969728331357,0.77955698967
0.798600786646,0.989550292492
0.895408470937,0.836332976818
0.837591085177,0.909955978394
0.866696975077,0.551105976105
0.663588822032,1.23976433277
1.01599007802,1.21183896065
1.04197053871,1.37998199463
1.12972804343,1.14846098423
1.04368938703,0.766390025616
0.846316785973,0.966084003448
0.909844207068,0.815675020218
0.803813206729,1.14227294922
0.979272239973,1.2994799614
1.07761526158,0.858331024647
0.854769106163,0.714946985245
0.772080462841,0.876440048218
0.817394000267,0.830546021461
0.814710838218,0.853524029255
0.825111399473,0.909241020679
0.844794426456,0.520272016525
0.639522252302,0.741104006767
0.763389131114,0.585331976414
0.681035335867,0.504777014256
0.628492021609,0.551949322224
0.641093927079,0.969752013683
0.878155877634,1.11651599407
0.968289208232,1.04984498024
0.937899087463,0.634262979031
0.724542446632,0.56443297863
0.67528152239,0.918470978737
0.83681361376,0.959353983402
0.885388367679,0.598415970802
0.698466991867,0.938345015049
0.865869180181,0.454225003719
0.616324143318,0.707947015762
0.743877142819,0.38765001297
0.550555427967,0.448433995247
0.581583291331,0.840570986271
0.795178338341,0.533711016178
0.645804999836,0.721135020256
0.737992964883,0.521538615227
0.6221233449,0.705075979233
0.745047929782,0.640564978123
0.698536743123,0.516858994961
0.638785943705,1.66040945053
1.23834958594,2.46530795097
1.7313157794,1.62215602398
1.31828571174,1.86627006531
1.43109037794,3.62353610992
2.42118873318,0.794870972633
1.04136700308,0.906598985195
1.09923979656,0.857187986374
1.04700131432,0.775637984276
0.865145845814,0.700670003891
0.760181964168,0.644340991974
0.717959902759,0.757955014706
0.759153715571,0.549960017204
0.650376850849,0.496466994286
0.627441664178,1.36767756939
1.08143723681,1.39789402485
1.25660585086,0.814813017845
0.981258415379,1.27889895439
1.23163264128,0.862398028374
0.934671708647,1.09386599064
0.96268278257,0.813471019268
0.826194866107,1.46668708324
1.17086396142,0.906031012535
0.95885204578,0.765214025974
0.881506099777,1.31103396416
1.13043874818,0.789250016212
0.840462237849,1.47490203381
1.18702561763,0.916785001755
0.936336487139,1.18614006042
1.06038836363,1.4113919735
1.13748870046,2.09247207642
1.51943716843,0.718922019005
0.826552977248,1.30186104774
1.12502973526,1.26897478104
1.06873628732,1.22199702263
1.08442561452,0.906111001968
0.924537376605,1.07887399197
0.994425609952,1.02802503109
0.928186305285,0.786369025707
0.808422558451,1.27685296535
1.0494943771,0.709342002869
0.766764427985,0.520192980766
0.648123590375,0.564561009407
0.656080607933,0.985520005226
0.866720765296,1.09284198284
0.970024781428,0.478689998388
0.66293804731,0.395505994558
0.608321856278,1.85070300102
1.39149882475,1.19579601288
1.10376399895,1.70251083374
1.34776844996,2.99835109711
2.06558347568,2.40708088875
1.78165509036,2.5859439373
1.8774157042,2.23383903503
1.718678439,1.65577304363
1.41708378911,1.43061101437
1.26640494322,0.892174005508
0.891950094814,1.23169696331
1.044270725,0.895507991314
0.875304413935,1.60203301907
1.26707650536,1.58539903164
1.27340313857,1.2320599556
1.09232600315,1.21037101746
1.05171849994,1.24214100838
1.06521951793,0.985704004765
0.93410807622,0.728968977928
0.782515282764,0.676151990891
0.751668316822,1.07157301903
0.962874234852,0.945743978024
0.911606118469,0.437637001276
0.645538572514,0.514182031155
0.684274516926,0.338719010353
0.54923312689,0.714428007603
0.758290480971,0.499619990587
0.662937489895,0.79173797369
0.808492661116,0.864624321461
0.821039176621,0.602496027946
0.7056302666,1.26006996632
1.05548348336,1.01233994961
0.948629106916,1.00452899933
0.93014113205,0.631023526192
0.722039604165,1.14122104645
1.02821578049,0.542609989643
0.718184585521,0.854745984077
0.869040171936,0.774421989918
0.799959214602,0.308434009552
0.558661793999,0.837620973587
0.834847529876,0.729346990585
0.763156099783,0.750390589237
0.776436631105,1.13482201099
1.01155375801,1.61424005032
1.28032689844,1.24479305744
1.11735599194,0.714163005352
0.839436418201,0.729304015636
0.785409886066,0.648698985577
0.754410841941,0.342799007893
0.575271745175,0.386186003685
0.584895685428,0.636629998684
0.700889352479,0.399048000574
0.5864294638,0.417885988951
0.585366752969,1.10379052162
0.93998382659,0.695618987083
0.77247722112,0.807013988495
0.820171157288,0.594769001007
0.691197592075,1.1076079607
0.979847445881,0.971358001232
0.918734159826,0.717034995556
0.782235580042,0.67648100853
0.723399850931,1.68777298927
1.28514379738,0.990756988525
0.956392176991,0.808203995228
0.847876605921,1.08771896362
0.972018739749,1.56481802464
1.23608362968,0.667380988598
0.789431729133,1.25648999214
1.09107812708,1.09188604355
1.01636844387,0.737550973892
0.808086380141,0.622438013554
0.698619690752,0.836472988129
0.825803987013,0.577426016331
0.687437553783,1.0157610178
0.93314951799,1.10615897179
0.979914433135,0.694554030895
0.757816009501,1.13090395927
1.00284703348,0.951821982861
0.923910358814,0.752457022667
0.811894148163,0.558522999287
0.667708749756,1.41583633423
1.11599319985,1.8552980423
1.51331437729,0.7845479846
0.990823742535,0.821053981781
0.990691738012,0.583589017391
0.788510246774,0.835972011089
0.835113468429,2.18466305733
1.58163993716,0.680548012257
0.861085208503,1.238904953
1.1385053785,1.03032803535
1.05001605697,0.791410982609
0.919832585331,0.842372000217
0.921284793398,0.446471005678
0.614048344911,0.558933794498
0.641459892361,0.709932982922
0.741200462172,0.733434021473
0.747539481811,0.783339977264
0.792744827995,0.842680990696
0.82972150728,1.09976100922
0.940412088891,0.870631575584
0.825195713282,0.586246013641
0.685044038502,0.886399030685
0.837603666774,1.0193990469
0.933315270007,0.849361002445
0.868738518095,1.01066696644
0.94016782139,1.33151602745
1.08253282677,1.21500897408
1.02845546542,1.64559102058
1.27927143119,0.970878005028
0.954706586092,1.41127204895
1.1523757261,0.795392990112
0.857431366795,1.04633104801
0.987265467637,0.887933969498
0.889858088745,0.834930002689
0.8314636165,0.984719991684
0.908238355985,1.09039402008
0.956489138781,0.490164995193
0.666941086813,0.614166975021
0.727939473611,0.631474018097
0.716406347373,0.825244009495
0.814371532428,1.05145096779
0.949803586458,1.0471149683
0.962587618737,0.392143011093
0.613915908404,0.469514995813
0.640208491259,0.772090017796
0.782777347636,0.752009987831
0.789976174773,0.687739372253
0.732494583002,0.67181199789
0.742373921981,1.18593323231
0.999402243062,0.657198011875
0.745578811142,0.821318030357
0.825222985299,0.779573976994
0.791231227808,1.03012299538
0.924387774431,0.621188998222
0.720223274409,0.866082012653
0.837597608487,0.960893154144
0.880889344194,0.676039993763
0.748560911093,0.740238010883
0.774319993919,0.598470985889
0.688827900499,0.615105986595
0.693936706656,0.935873568058
0.86575839704,0.58182477951
0.681324634819,0.715665996075
0.76331501812,0.6529520154
0.7347193385,0.970002293587
0.885588774316,0.783450007439
0.80950543937,0.744813024998
0.799710561675,0.827618002892
0.823876091069,0.894340097904
0.828643408786,2.50501704216
1.84876457113,1.62071204185
1.40884394056,1.41758596897
1.29217097248,1.04987204075
1.01876849425,1.22650754452
1.00708585643,1.04317903519
0.941457071688,0.969443976879
0.901354034655,0.819225013256
0.824928072184,0.812955021858
0.812715403223,0.671208024025
0.737639068382,0.528989970684
0.641795287024,0.346193015575
0.537295102072,0.478949010372
0.601960459093,1.15381097794
0.959870062363,0.967127025127
0.892627998352,0.784583985806
0.802080185464,0.470185995102
0.620630982361,0.563278257847
0.644454503079,0.241623997688
0.4791913215,0.270985990763
0.493020223942,0.199468001723
0.441262611452,0.132716998458
0.384707464941,0.473262012005
0.570942588552,0.658555984497
0.713208062023,0.962188005447
0.864626486572,0.511197984219
0.639135257278,0.982978999615
0.878647026464,0.910009980202
0.875036226692,1.02657604218
0.930872839374,0.830938994884
0.827794331446,0.965192019939
0.883368724016,1.00054395199
0.880412634459,1.98318505287
1.4080359491,1.27485501766
1.13329587583,1.28652596474
1.13986410063,1.38224494457
1.16118340662,1.73692405224
1.3918173157,1.25766801834
1.14156062778,0.753337979317
0.860296113353,1.08490896225
0.976041480801,1.06249403954
0.959929914139,0.778762996197
0.807359696444,0.825646996498
0.808892031948,0.989183008671
0.889313573418,1.41809201241
1.12909148603,1.15167796612
1.01098534766,1.25036406517
1.05003875815,0.879401981831
0.85832963847,1.08942306042
0.957987414163,1.80906295776
1.37340347948,0.868739008904
0.897505077328,0.852172970772
0.873363320642,1.3078379631
1.06939876672,1.262575984
1.0694523503,0.760155975819
0.80820900564,1.06988704205
0.941163703407,0.857984006405
0.87351705059,1.14932394028
1.01418844898,1.06714296341
0.952993206061,0.740061998367
0.773732902492,0.679988026619
0.732542663151,0.732392132282
0.737863056204,0.835274994373
0.808089345886,0.600082993507
0.681953313018,1.01056396961
0.896954300386,0.761397004128
0.790697415254,0.726006984711
0.770035004602,1.06432402134
0.936640145689,0.59010797739
0.698808186164,0.774465978146
0.802160862286,0.740687012672
0.770674703406,0.890836000443
0.841323705301,0.762010097504
0.768486385926,0.777450025082
0.80638866196,0.581107020378
0.699523544271,0.790877997875
0.77874695673,0.890371978283
0.835297919237,0.788205981255
0.781454727134,0.730194985867
0.752346554346,0.924893319607
0.845076080576,1.26558697224
1.05899538236,0.788414001465
0.818320264648,0.91806101799
0.86652185721,0.656926989555
0.730216832773,0.825268030167
0.814520788438,0.42572298646
0.610862979199,0.911463022232
0.855821327283,0.723851978779
0.761519294667,0.965731978416
0.898372627462,0.719420015812
0.783021292655,0.714648008347
0.774218779403,0.618879973888
0.689330325886,0.850296974182
0.810692418027,0.611301481724
0.678776234227,0.840580999851
0.816618122635,0.590990006924
0.691035864975,1.1918078661
0.997933071132,1.07247805595
1.0017601316,0.797680020332
0.852027077598,0.714037001133
0.789155458201,0.888561010361
0.831814768195,0.736729025841
0.75764446199,0.965541005135
0.875505713606,0.856945991516
0.834434210437,0.583833992481
0.686080173862,3.04756212234
2.20403424763,0.886538982391
1.26765337661,1.18646097183
1.46762431914,0.87507301569
1.22645015873,1.11197304726
1.04230203057,0.692927002907
0.808066194446,0.563274979591
0.739229492401,0.551968991756
0.699602087056,0.921135008335
0.857375997845,0.546503007412
0.668742670977,0.999785006046
0.901697838406,0.75122398138
0.804484263756,0.840256989002
0.838483248685,0.784314990044
0.805170126781,0.591548025608
0.698057279601,0.610984027386
0.686324600762,0.9328789711
0.853565028718,0.799202024937
0.811263859201,0.983354985714
0.903950065646,0.54052901268
0.65805738923,1.09367001057
0.950510933121,0.926633000374
0.883919174656,0.797241985798
0.804350483346,0.589605987072
0.674934344745,0.779954016209
0.767661825939,0.518279016018
0.641787295226,0.7263879776
0.745551321173,0.621636688709
0.685536960381,0.881067991257
0.834633810699,0.731501698494
0.771872473047,0.970385015011
0.892045905561,0.871535003185
0.839966569607,0.55057400465
0.672657836552,0.257629990578
0.49716369935,0.69521099329
0.733344940179,0.354743003845
0.57859914528,1.30835092068
1.07287941708,1.42471003532
1.15488112439,2.42224311829
1.68500193298,1.58809316158
1.30655205416,2.88288998604
2.05415728437,1.51081001759
1.35892904978,0.5103110075
0.797797912312,0.663749992847
0.808829509643,0.586565971375
0.680005527539,0.918299973011
0.854645356576,1.12636303902
0.970485940407,0.945537984371
0.889561158383,0.797969996929
0.824619542425,0.88952600956
0.867246972893,0.501745998859
0.673646911762,0.788908004761
0.81182386848,0.557146012783
0.659249512637,0.807927012444
0.792360235681,0.738291025162
0.763259158032,0.674207985401
0.728294981674,0.878771364689
0.826020388698,0.740188002586
0.771228500786,0.888650000095
0.843571737788,0.798327028751
0.802306219338,0.513779997826
0.657257100967,0.776037275791
0.779746502809,0.852828025818
0.855263139167,0.785162985325
0.815357936296,0.8431609869
0.831881572967,1.02479887009
0.919000317899,0.804427981377
0.820745946809,0.884131014347
0.861440322409,0.361564993858
0.559104949796,1.17149102688
0.987336694833,0.447791010141
0.638434406538,0.766573011875
0.788991327906,0.773559987545
0.779122874707,1.05482304096
0.936914844661,0.784330010414
0.803613768981,1.03425097466
0.914433207488,1.09697902203
0.952539964049,0.763302981853
0.790632756334,0.58837300539
0.688769884757,0.636563003063
0.692464470828,0.575070023537
0.658747445007,0.539964020252
0.636641989226,1.32467114925
1.05803548812,0.817846000195
0.844474460088,0.635960996151
0.758189232083,0.813592016697
0.82102884055,0.987214028835
0.890860582532,0.983928978443
0.893865852336,0.590479016304
0.694958758657,0.898679018021
0.838192286546,0.626800000668
0.69528576205,0.692685008049
0.728955724053,0.575704991817
0.668793482303,0.676468014717
0.70894628337,0.827947020531
0.802524621405,0.654785990715
0.713177747363,1.0858155489
0.933526242554,0.85095500946
0.831604916309,0.887935996056
0.842503463193,0.655785024166
0.726176724729,0.659780979156
0.719090413611,0.885627985001
0.83478093301,0.750299990177
0.770808745545,0.930316030979
0.852404270091,0.725946009159
0.768102545287,0.712390482426
0.75515816203,0.932657003403
0.873540531233,0.654497027397
0.752106223539,0.498726993799
0.659689053701,0.978241026402
0.882395626311,0.559324026108
0.676475927359,0.873399019241
0.834583843593,0.623250007629
0.705765554414,0.631924986839
0.692702753669,0.833535015583
0.809465594999,0.861343026161
0.829180567705,1.03601300716
0.941855341349,0.616037011147
0.728381145179,0.987452983856
0.910232920995,0.668673992157
0.72654337336,0.645533978939
0.72143687838,1.00703001022
0.903189174519,0.776300013065
0.802893554372,0.935849010944
0.871679660668,0.662671983242
0.717571941231,1.11335194111
0.947004299602,0.54953199625
0.664474153967,0.927363276482
0.839304419655,0.821533024311
0.848978858551,0.919354021549
0.902115633798,0.689985990524
0.76024996014,0.649773895741
0.689843248041,0.970504999161
0.887243585762,0.803444027901
0.806174577055,0.892099022865
0.835154615527,0.746227025986
0.760597993452,1.49540746212
1.17506796494,0.759756982327
0.911612626694,0.967728018761
1.02195781983,1.12601101398
1.06888248428,0.764141976833
0.86307802275,1.42381894588
1.18914247634,0.830919027328
0.903712827904,0.531687021255
0.731069708927,0.694292008877
0.78021508807,1.09710001945
0.94577025206,0.86237102747
0.842060091387,0.971195995808
0.898806786477,0.750190496445
0.777413578494,0.565989017487
0.654071200482,0.723589003086
0.734313118157,1.08887696266
0.921040722345,0.261454999447
0.505252615401,0.192316800356
0.458059150249,0.204839006066
0.451276111037,0.375299990177
0.530268462574,0.18789100647
0.439366134685,0.417883992195
0.56592811179,0.612834990025
0.6609064979,0.48221001029
0.61186288554,0.813664972782
0.78225353437,0.899798989296
0.827601182165,0.766745984554
0.773917096968,0.676299989223
0.738776225162,0.980409383774
0.880209151307,1.07553303242
0.977887061367,0.645973980427
0.745896960346,0.76016998291
0.790162568955,0.870718002319
0.834504439088,1.04555702209
0.935076402119,0.483233988285
0.646269552049,1.08598899841
0.945813093252,0.73209798336
0.769228038672,0.712899029255
0.755361237602,1.04538905621
0.90461337448,0.735920011997
0.763500976051,0.895693004131
0.837696940357,0.874550998211
0.828933306977,0.923747003078
0.850498187276,0.999778032303
0.899769400168,1.73953402042
1.33863357102,0.810788989067
0.902668221192,0.704905033112
0.847418616336,0.832826972008
0.864900085068,0.827660024166
0.811247160247,0.895310997963
0.840888253169,1.45950102806
1.14684235153,1.17951905727
1.03919463748,1.4434119463
1.15940098689,1.30673503876
1.08082795381,0.763499975204
0.813017475564,1.14514803886
0.998890502398,0.725345015526
0.757734175872,0.76335901022
0.761200470724,0.61748200655
0.700979446104,1.02932298183
0.914116074012,1.30205595493
1.06963701578,3.16412496567
2.15048615246,0.973443984985
1.0477334179,1.22967100143
1.16638398171,0.744153022766
0.84889123078,1.06303405762
0.9328500194,1.1238720417
0.977428715326,0.898477017879
0.864240860458,0.717513978481
0.773428080575,0.536750972271
0.661863080939,1.17544305325
0.994941494698,1.10104894638
0.960535602994,0.573449015617
0.689313698066,1.43114495277
1.12688183897,1.03779494762
0.958356683778,0.656862020493
0.767132382353,1.07490801811
0.942508534869,1.38597202301
1.10159148937,1.00480496883
0.928179331563,1.60953998566
1.23583133485,2.81757593155
1.95620998945,1.96256256104
1.54758521629,1.27975201607
1.20633570391,1.99532997608
1.53906148618,2.03338599205
1.50861348374,1.3074439764
1.11012908155,1.61125802994
1.26671363636,2.04021811485
1.51937194399,2.18324494362
1.60530082759,1.35141599178
1.17512791681,0.724218010902
0.812324636135,1.3633890152
1.11703200412,1.52680897713
1.20523625568,1.78401958942
1.33068692733,1.10359704494
1.03917228897,1.76300799847
1.35755152143,1.15754902363
1.06162669391,1.15332603455
1.05189126379,2.36281108856
1.67672108975,2.58078789711
1.82575945852,1.24214696884
1.16327840084,1.71282100677
1.40080735399,0.667650997639
0.816376107869,0.827132999897
0.805820903469,0.964264750481
0.86223931497,1.3941617012
1.1180513972,0.758404970169
0.824267434822,0.690075993538
0.778693663287,0.674024999142
0.747077402394,0.861522018909
0.830340298683,0.790746986866
0.812792957454,0.728500008583
0.766106919656,0.241198003292
0.471794191727,0.335460007191
0.508437647635,0.591246008873
0.648062348862,1.0584269762
0.9286307017,0.766991972923
0.786145923611,0.588123977184
0.68725289691,0.592230319977
0.659487652835,0.875351011753
0.828258004963,0.70382797718
0.735633408979,0.567749977112
0.672457700568,0.713387012482
0.743932267136,1.07750594616
0.944321255499,0.690941989422
0.781964967531,0.772458016872
0.818013121635,0.723712027073
0.755816382987,0.975248992443
0.885517506789,0.915176987648
0.854486306376,0.757400989532
0.770533002052,0.691206991673
0.731954986103,1.18352794647
0.994466965971,0.770574986935
0.811449918708,0.894770026207
0.868335434697,0.614335000515
0.736696031444,0.769231975079
0.80687364492,0.907074987888
0.861784922396,0.406809985638
0.626842691662,0.513888001442
0.684520506405,0.248146995902
0.502023706148,0.256875991821
0.466720713972,0.598065972328
0.660151152963,0.598169982433
0.670052697619,0.880114018917
0.820889854024,1.08564901352
0.933545648904,0.9920129776
0.893771758338,0.874384999275
0.85551372469,0.877026021481
0.850612244943,1.008928895
0.894032926534,0.808875977993
0.866830807522,0.671420991421
0.791643264001,0.744962990284
0.810324238868,0.694267988205
0.745529433768,1.00188601017
0.905695087716,0.793558001518
0.817529063027,0.845004916191
0.828452182936,0.803124010563
0.821591617699,0.574446976185
0.706640741296,0.567972004414
0.701855328743,0.453808009624
0.602158586193,0.849488139153
0.809999213074,0.406459987164
0.585615336685,0.245351999998
0.492387419364,2.32321810722
1.85743274557,2.02711558342
1.71302916208,1.58111798763
1.54207405861,1.72704994678
1.59524711074,1.15064203739
1.29367176857,1.60793399811
1.52913246796,1.33123397827
1.3218692189,1.22164201736
1.25172335065,1.58354198933
1.43929682934,1.60866212845
1.45442128413,2.18565392494
1.85606119224,2.98955988884
2.2969889849,0.75744998455
1.09088914432,1.81134402752
1.66402963679,1.5279519558
1.43082753723,0.889223575592
0.47654348881,0.295319596801