0.773208613636,1.25800204277
1.03387149842,1.06970095634
0.944747524627,0.727460980415
0.749691485512,0.789277017117
0.782287360369,0.623775005341
0.694394722147,0.691469013691
0.719042767394,0.855771005154
0.833649086119,0.709383010864
0.74519957212,1.01454794407
0.906008694506,1.1157310009
0.981665443433,0.41828301549
0.619595873376,1.00228095055
0.923913154899,1.21886098385
1.00599152071,1.14329600334
0.983305209051,0.652818977833
0.74348005221,0.674655973911
0.741158118553,0.600953638554
0.661478251818,0.669457018375
0.733356912028,0.653807997704
0.722656433397,0.781412005424
0.767362290365,1.20630395412
0.996551531826,0.846925973892
0.831257422604,0.82864099741
0.817818777844,0.648239016533
0.692265631548,0.56237000227
0.637893247478,0.718330979347
0.715874295743,1.09964799881
0.958320448473,0.954171001911
0.913335840184,0.729013979435
0.811727290389,0.669449985027
0.71284177486,0.863121986389
0.83616091921,0.646466016769
0.715850450103,0.822318017483
0.786463108365,0.923597991467
0.851699911141,0.830092012882
0.830475191552,1.06731402874
0.945353124185,1.54617500305
1.22863818497,0.682727992535
0.802327419397,0.63856202364
0.765896465153,0.646423995495
0.737643326277,0.688109397888
0.708143601573,0.727398991585
0.741644882199,0.650035023689
0.700866179806,0.869369029999
0.805064129098,0.440858006477
0.598970117035,0.451860994101
0.5939613214,0.757507026196
0.756981612779,0.495238989592
0.638157439053,0.685087025166
0.722141461065,0.724381327629
0.715987425128,0.865374028683
0.815080867729,0.740046977997
0.73619727847,0.807075977325
0.790554172978,0.820433020592
0.790830526419,1.11441195011
0.943594519555,1.1086050272
0.96780813433,0.475149989128
0.650233847049,1.03926801682
0.924976505764,0.945789992809
0.875989446391,0.787750005722
0.782901607479,0.350454986095
0.566065327678,0.936771333218
0.85226691032,0.986805975437
0.918680120147,0.647023975849
0.71591949323,1.02977705002
0.934652201852,1.18744695187
1.02415487864,0.932882010937
0.937261505492,0.752837002277
0.824083016972,0.642004013062
0.7482594372,0.23073400557
0.434387850645,0.471499711275
0.554048316846,0.877272963524
0.786438333705,0.787630975246
0.828614005797,0.274221986532
0.526264047297,0.399226993322
0.583073453853,0.992351233959
0.855458120795,0.762723982334
0.796692880638,0.720085978508
0.774140557203,0.626478016376
0.693377000441,0.726989030838
0.739067951335,0.9301019907
0.842140444532,0.687269985676
0.71714532009,0.866255283356
0.808865846438,0.835203826427
0.797544182762,0.940249979496
0.894427913999,1.0233579874
0.933179090179,0.732262969017
0.761041881329,0.930074989796
0.850648389781,0.870293021202
0.870868386066,0.510402023792
0.659979592706,1.0258179903
0.900928589418,0.455123990774
0.586813525128,0.734534978867
0.733672673643,0.701291978359
0.725637664346,1.01438605785
0.889909749618,1.12377023697
0.953032729675,0.482537001371
0.623888979117,0.468932002783
0.627847352816,0.875519692898
0.820850627931,1.14542496204
0.974630046898,1.94378745556
1.38934092183,1.55703902245
1.30446972857,2.10477590561
1.59490776481,1.06224000454
1.02952955597,0.786782979965
0.787791506289,2.24797105789
1.63311366649,0.566466987133
0.831052513836,0.838972985744
0.995927151681,0.318818986416
0.638574519825,0.638668000698
0.684218502327,0.754026651382
0.731115410211,1.08582603931
0.93790024627,0.601429998875
0.690998868468,0.692322015762
0.733831844305,0.878243982792
0.823881039311,1.27922403812
1.04604579405,0.725166976452
0.770584522015,0.428310990334
0.58836601749,0.701224982738
0.704806687194,0.884622573853
0.817270760174,0.780965387821
0.783991406937,0.92597001791
0.900928167626,0.917864024639
0.896524582556,0.90730202198
0.860835853883,0.409945011139
0.541624118333,0.87414598465
0.809958717259,1.2313439846
1.00180090441,0.768396019936
0.778906131186,0.935733914375
0.849615248596,0.752327024937
0.762599044878,0.624783992767
0.69775643056,1.97794723511
1.42131176226,2.47647929192
1.95471868815,0.682259976864
0.99254475419,1.29407799244
1.30717449854,2.1165060997
1.63912426896,2.03023004532
1.63688264884,1.72759306431
1.47950609189,1.32161903381
1.24636836308,1.11427497864
1.02091770912,1.61848294735
1.26420112614,1.10235404968
1.0026964765,0.850126981735
0.867183149096,0.653181314468
0.724356770991,0.616827607155
0.694182488743,1.02320480347
0.889456457902,1.17678105831
1.03121280119,1.10875403881
1.00767473794,0.983811020851
0.929182225679,1.82992756367
1.33309660384,1.34213101864
1.2384378171,1.26566958427
1.2050265921,0.793037712574
0.917663885842,1.03068935871
0.961679609709,0.821023225784
0.841056623127,1.0991692543
0.974618420754,0.525535523891
0.678706288685,0.775839388371
0.796856630578,0.720975995064
0.733011464758,0.866677105427
0.804975779196,0.846204102039
0.796186525163,0.761413216591
0.765029435086,0.658724606037
0.714258650544,1.07865929604
0.920223890977,1.281940341
1.10387424419,0.660000503063
0.84650962824,1.11250054836
1.06869713554,0.628070473671
0.770609169452,0.686457574368
0.7039525683,0.900040984154
0.839226156594,0.734256923199
0.773221985085,1.01112127304
0.901093439048,0.882759988308
0.844882574473,0.752141177654
0.756023578487,0.948941111565
0.863857352088,0.679905295372
0.751054019099,0.721156597137
0.737593821838,0.650410473347
0.746696045153,0.716710627079
0.784056042718,0.90563160181
0.846674522801,0.652646481991
0.706980986644,0.705665409565
0.714290727715,0.658105790615
0.702643765642,0.659279406071
0.708201021712,0.663406431675
0.696333270335,0.780800282955
0.764608213094,0.756590723991
0.751409862966,0.92804056406
0.853839481269,0.707382977009
0.758574728461,0.388839989901
0.575599051441,0.342241793871
0.526098936919,0.233730003238
0.416863157742,0.145912706852
0.360548962357,0.394953489304
0.518951477357,0.967840969563
0.836268106393,0.783922016621
0.787324640211,0.833375990391
0.809155435693,0.972325980663
0.865724786639,0.690521001816
0.737217201277,1.34532403946
1.14167201834,0.722701013088
0.845032049716,0.680485010147
0.806025930985,0.761061012745
0.769151058872,0.8075709939
0.808015096491,0.588663995266
0.680396902552,0.996075093746
0.87324508238,1.04541397095
0.936701267573,0.47130599618
0.647964543289,1.04714095592
0.924017339181,1.12621426582
0.968074482196,2.56046175957
2.01318760432,0.774761021137
1.14892289769,0.717206001282
1.10823277868,0.800508022308
1.0762848758,0.568039000034
0.72469266317,1.19578003883
1.04980640511,0.797044992447
0.858972890355,0.489935994148
0.673996432193,0.991813004017
0.897595318477,0.744569003582
0.748444512181,0.609637022018
0.675173460059,0.856591999531
0.811624590289,0.814429998398
0.798530345162,0.760592997074
0.762183254876,0.915751993656
0.850844956918,0.742163479328
0.748657536315,0.732936024666
0.770527737331,0.874569118023
0.821498576936,0.964491009712
0.883028980014,1.47767198086
1.32072680418,0.675267994404
0.921658441089,0.503040015697
0.795666947626,0.706665992737
0.808958163952,2.96819591522
2.0154759035,1.25530099869
1.20846784462,4.08481502533
2.73706032045,1.69232296944
1.50593465401,0.412105202675
0.78929713976,1.03575098515
1.11792441994,0.640892028809
0.733148909034,0.706547021866
0.71014759042,1.06083035469
0.899741608536,1.88095402718
1.39024452092,1.88637399673
1.43491493211,1.32877397537
1.16518273057,0.393184006214
0.654383381554,0.638243019581
0.759847192984,1.04553198814
0.908706347105,0.658802986145
0.731433717115,0.80467402935
0.797220680496,0.87404102087
0.816034737757,0.853255033493
0.815739862528,0.895210981369
0.842468051976,0.730158984661
0.77132024169,0.414941012859
0.574793933539,0.270094007254
0.447814125356,0.491131991148
0.584416107979,0.507916986942
0.603369102881,1.22402000427
1.07029189082,1.26765799522
1.10139100133,2.63348793983
1.9381142314,3.99961543083
2.79817829919,6.65141820908
4.70419830485,2.10267806053
2.33476976255,1.28368997574
1.87289903913,1.29134750366
1.7926340962,1.35375404358
1.61745721506,2.39019107819
1.82147166553,1.46144104004
1.35000283601,1.599208951
1.39605872069,1.4711509943
1.26119600671,1.29820501804
1.15364248888,1.57962203026
1.28693489182,1.36035501957
1.17306485753,0.803641021252
0.938500113875,0.427668988705
0.708307703827,0.269407004118
0.582609257016,0.389717012644
0.558261664051,0.417917013168
0.561895493493,1.54603600502
1.17955946488,1.01761102676
0.940029215286,0.865315020084
0.859065575137,0.619410991669
0.737579267263,0.845414996147
0.821199070015,0.804859638214
0.795041275927,1.43588900566
1.12712506722,2.56575202942
1.76073643751,6.206179142
4.18446005737,0.930949985981
1.43451616071,0.907775998116
1.41996517067,0.460979789495
1.06873852282,0.5264570117
0.800479824182,0.794224977493
0.770725762137,0.970400989056
0.860044157896,0.669588983059
0.701570598789,0.699773013592
0.71782156166,0.690366983414
0.721524946401,0.63616001606
0.69705168255,0.972670018673
0.898279813543,0.639338970184
0.726849758446,0.512377977371
0.655379172695,0.569913029671
0.65317958054,0.83180898428
0.807602396534,0.469411015511
0.611232057961,0.905430972576
0.853626969391,0.848275005817
0.832199811602,0.656663000584
0.709318047843,0.63240557909
0.665694389252,0.326855003834
0.511349258653,0.304740995169
0.491831884961,0.21594800055
0.409526322563,0.214847996831
0.416970368594,0.151231005788
0.376781094786,0.415333837271
0.530237078035,0.734420001507
0.718320638411,0.991337001324
0.888308451108,0.791000008583
0.776438068769,0.742917001247
0.74708879966,0.74265486002
0.744437215211,0.879913985729
0.829249415785,0.73768299818
0.766381388153,1.24034297466
1.04166272857,0.83434098959
0.857807588512,0.305472999811
0.543193813008,0.892946004868
0.828353514468,1.28586602211
1.05093559279,0.414640009403
0.652472263397,1.09013700485
1.01457210155,0.592383027077
0.716042772145,0.377326011658
0.526749063383,2.69359731674
1.80225682938,2.2886660099
1.87226074405,0.895527005196
1.19497128625,0.807057023048
1.11429527366,1.19486296177
1.18561288079,0.892940998077
0.89838275235,0.977608025074
0.940941134658,1.83250701427
1.38561424767,1.40379297733
1.20183447854,0.722374975681
0.834471228912,0.659941017628
0.760465161623,0.740734994411
0.741690346384,0.555365979671
0.644239593037,1.23676896095
1.03084368187,0.621402025223
0.73587336513,0.710873007774
0.766210667783,0.306477993727
0.517582839135,0.647334992886
0.667720740073,0.545826971531
0.640407442103,1.02424776554
0.87700580065,0.817682027817
0.870446186668,0.744062006474
0.832819284333,0.736715018749
0.800533296023,0.576856017113
0.633410597705,0.915260016918
0.859245850201,1.13702905178
0.97276966703,0.496008008718
0.6183619097,0.49413600564
0.567196337056,0.883453309536
0.785510655743,1.27152490616
1.00876040402,0.886436998844
0.902280160266,0.898828029633
0.907205143048,0.904977977276
0.889191663509,0.829931974411
0.792601194912,0.875630021095
0.829539511557,0.550292015076
0.645301447007,1.07391941547
0.916356680984,0.849192023277
0.845416439752,0.63932299614
0.718982367914,0.799530982971
0.778387636579,0.964600026608
0.889854070811,0.841355979443
0.840180322763,0.701144993305
0.756028728149,0.72400701046
0.72892831072,1.01030802727
0.891314079329,0.65380603075
0.70980503947,0.793285012245
0.770346760505,0.65383964777
0.685527828625,1.16078996658
0.964189212358,0.808578968048
0.804961185917,0.374377012253
0.557177351959,0.25569999218
0.453963822993,0.489315003157
0.575185869265,1.15184402466
0.964416681736,0.737277984619
0.767063601512,1.08875095844
0.934324922747,1.97585296631
1.46966540988,0.854770004749
0.97215953273,0.797737002373
0.931292119023,1.0524289608
1.00455754897,3.17945098877
2.17488297961,1.79706799984
1.50493767777,1.05670201778
1.09848536979,0.875126004219
0.968382926063,0.664539992809
0.715777702651,0.757168412209
0.742671918857,1.36848402023
1.10726133197,0.905246973038
0.943492578961,1.0320609808
1.00280948711,0.614133000374
0.753593965472,0.973313033581
0.856449580937,0.645228981972
0.686967672599,0.48943901062
0.597066628844,0.840867996216
0.78760359855,0.777194023132
0.754151847364,0.675535023212
0.712749342673,0.659205973148
0.692307325729,1.08415305614
0.927897324975,0.931410014629
0.8613273684,1.35947966576
1.1062964306,0.763398826122
0.827258070152,0.535733997822
0.688726883075,0.678188979626
0.719545377869,0.783981025219
0.750171064542,1.16936767101
0.956943909591,1.01528799534
0.991216489551,0.925943017006
0.935347437039,1.31924402714
1.13296825749,0.97174602747
0.9480540087,1.1762996912
1.01034555124,1.71460902691
1.34136963845,1.30733704567
1.15935533797,0.618689000607
0.775241777213,2.29843592644
1.76631340302,1.80824100971
1.54347386678,0.879414975643
1.02746244892,1.57094502449
1.28763839193,1.57851600647
1.26548636108,0.620030999184
0.77597053089,0.992881000042
0.952792428773,0.455186992884
0.604544768178,1.01739895344
0.879192794424,0.8378469944
0.811218986797,0.488476991653
0.609797936909,1.24634099007
1.03733998469,1.20963096619
1.03181496076,1.2524510622
1.05145353412,1.51972699165
1.19622184147,1.06379795074
0.959997984085,1.57149505615
1.25610485817,1.27810502052
1.12951688192,1.19207799435
1.07403695733,0.830443918705
0.834504753506,1.40201568604
1.14556612422,1.156504035
1.07458959619,1.16255486012
1.08233374765,0.60075199604
0.746698295438,1.25383579731
1.05033229122,1.79184401035
1.4042616454,1.73406255245
1.39313440806,4.93997097015
3.41889285248,2.39435100555
2.20057699863,2.21257591248
2.13024464142,1.88652706146
1.84697190096,0.934382975101
1.0285659977,0.909982979298
0.875431992924,0.811299979687
0.848258420225,1.04970896244
0.963264270106,1.35178804398
1.12476241825,1.27730596066
1.13534358454,0.785444974899
0.872462793271,0.484622985125
0.677462679,0.667635977268
0.716226331033,0.832251012325
0.788936687689,0.595937013626
0.667149593887,0.341089010239
0.523381265363,0.686011016369
0.714320760492,0.815351009369
0.787473547721,0.398543000221
0.556477218096,0.699815988541
0.710260412485,0.426369011402
0.601288276987,0.686613976955
0.746445054777,0.182677000761
0.419456688845,0.701882481575
0.690756986011,1.79668200016
1.51954294612,0.720426976681
1.03830949707,0.468064010143
0.867453020798,0.640887022018
0.907010495695,0.752052009106
0.756057454026,1.00181758404
0.866577195813,1.66080403328
1.27714729257,1.45059502125
1.17321991983,1.08501005173
0.998304561659,1.09955501556
0.99846334648,0.769418001175
0.817207279496,1.25443041325
1.04996889316,1.49632096291
1.22712141846,0.718636989594
0.865890141814,0.890201985836
0.945708188839,0.989175975323
0.925190612076,2.84901452065
1.95408798996,4.28107500076
3.01741880281,1.24873900414
1.3629489206,0.70965898037
1.03427912383,0.749743998051
0.971366186855,0.89074498415
0.834545713108,1.46952795982
1.14370062284,1.60888803005
1.50360610764,1.04346096516
1.22121635944,1.18475103378
1.27899236962,0.506372511387
0.793279902048,0.694615602493
0.712057286015,0.929911017418
0.858004336551,0.775462985039
0.780262686994,0.856469631195
0.822315478106,0.926900982857
0.904319261223,0.750666022301
0.80862089812,0.924884974957
0.90972979289,1.07016265392
0.986191015024,0.875288009644
0.927228235923,0.751103997231
0.862479636625,0.862757980824
0.884143668869,0.509657025337
0.664927596432,0.849524974823
0.812147010394,0.671136975288
0.731655100742,0.613218009472
0.738179333001,0.381054997444
0.584161606371,0.871042013168
0.821538592407,0.654031991959
0.716438377246,0.908967375755
0.847336723413,0.970902979374
0.923419318147,0.985692024231
0.953828264041,1.35625624657
1.15971281493,1.30987298489
1.18254907706,0.634491980076
0.833970853238,0.593350827694
0.787747298116,0.879638016224
0.858433354675,1.13183641434
0.975744900917,1.84127402306
1.40491408712,2.26174592972
1.67739801191,2.59797596931
1.87520384351,2.3991920948
1.80656579846,1.98229801655
1.58636459422,2.2695479393
1.71118561831,2.0178899765
1.63748225998,1.45226204395
1.40325171994,1.34279799461
1.33067333849,1.31191504002
1.25703827745,1.27676200867
1.14350445438,1.27526700497
1.12486019593,1.2104460001
1.06678979877,0.815348029137
0.871755398198,0.72711199522
0.809779018066,0.604301989079
0.697516655481,0.983035862446
0.902237448221,1.10152900219
1.03329874972,1.18372499943
1.0654498809,0.435640007257
0.639371167594,0.327004015446
0.497244082082,0.803984999657
0.777803704228,0.421685993671
0.57064029844,0.573455989361
0.630726668323,0.39594578743
0.533783236237,0.416375011206
0.557606878215,0.560397028923
0.629827169109,0.774905025959
0.758094486282,0.637084007263
0.692308334997,0.383926004171
0.54830487505,0.564873993397
0.649970797552,1.05471503735
0.905033320888,0.653770983219
0.723690965327,0.593102991581
0.678040737055,1.02260899544
0.911181689913,0.835986971855
0.812026365878,0.637534022331
0.694566541303,0.97559851408
0.870581842763,0.489807993174
0.640950347193,1.09864795208
0.948643489203,1.15116596222
0.990743142444,0.806124985218
0.813931350218,0.474476993084
0.608840408438,0.789602994919
0.76010129735,0.476253002882
0.615069050328,0.545522987843
0.639107058123,0.621280968189
0.66746756451,0.770770013332
0.760044286942,0.933706998825
0.87664763128,0.811055004597
0.851465075046,0.600552976131
0.712239214606,1.00252103806
0.894743748565,0.892165005207
0.86247250068,0.916085004807
0.865006709703,0.741342008114
0.751062554223,0.928324997425
0.846201275707,0.642940998077
0.741120709397,0.99500900507
0.906821940223,0.627136588097
0.717270310113,1.0386890173
0.934084785082,0.688800990582
0.747733100498,0.52141302824
0.625058983941,0.651027023792
0.722296959235,1.1597019434
0.9922598734,0.645640015602
0.741196136224,1.19586265087
1.0380653366,1.30470395088
1.13192638764,0.884442985058
0.944499004447,0.769770979881
0.870236061516,0.770210027695
0.841053966872,0.641828000546
0.686445920571,0.893715977669
0.856267492343,0.524725019932
0.664317451106,0.514221012592
0.636421191344,0.717274844646
0.724226127709,0.641076982021
0.76399977387,0.46898201108
0.665108605223,1.20375001431
1.06000249945,0.791195988655
0.852601753255,1.13630115986
1.02525060457,0.86429297924
0.925267569953,0.881403028965
0.920796382606,0.58174097538
0.727164697156,0.865119993687
0.793319521939,0.907812476158
0.838358091817,0.737774014473
0.7737651581,1.12037503719
0.954863136505,0.942247986794
0.857947867996,1.06006002426
0.927051976753,0.715842008591
0.752994155227,0.404020994902
0.557077016728,0.292077988386
0.467609663436,0.631792426109
0.65655333799,1.12466526031
0.946655246039,1.11569094658
0.985237360717,1.24741899967
1.07307968245,0.697616994381
0.769036042407,3.69397497177
2.49994905629,0.820483982563
1.20530445334,0.85730701685
1.220372326,0.690235972404
1.08355774599,0.838596999645
0.961791004995,1.28772699833
1.05092054047,0.963222980499
0.984156980613,1.34329998493
1.16504203588,0.731616973877
0.849999824285,0.680921971798
0.738119439539,0.701478421688
0.713466214583,0.669803023338
0.716785709738,1.36564302444
1.10020600633,0.978142023087
0.942891334665,0.67867898941
0.792042528463,0.597633004189
0.728403785024,0.819377481937
0.822163902024,0.791110992432
0.821738552686,1.04414737225
0.961481961496,1.4000159502
1.18592174701,0.874862015247
0.907386871652,0.622817993164
0.755295377404,0.71640598774
0.739980436229,0.652350008488
0.698421522005,0.937929987907
0.853327379051,0.593699991703
0.686682811828,0.539344012737
0.641329320909,0.937008976936
0.862666727741,0.808772027493
0.811650463031,0.56542801857
0.670196833693,0.602082014084
0.658624117994,1.14667999744
0.979943883069,0.982424974442
0.930595111367,0.567151010036
0.699872807489,0.786639988422
0.773244681879,0.738843977451
0.747367714382,0.681029975414
0.723334918199,0.708697974682
0.727252974489,0.664233028889
0.697037618432,0.512479007244
0.63172989834,0.604038000107
0.684939445771,0.672879993916
0.707476759524,0.826541483402
0.799882106559,0.454686015844
0.607654833751,0.559450984001
0.668781274734,0.133221805096
0.389268409985,0.163306996226
0.374899346175,0.179786041379
0.375369930924,0.57479184866
0.632548445983,0.850814878941
0.789310850542,0.852764010429
0.796271900975,1.68762803078
1.22390083969,2.14952206612
1.61041505167,0.812285006046
0.949004062122,1.23963999748
1.1541761241,2.12843728065
1.54183593255,2.1392390728
1.6629298009,0.977988004684
1.07142292919,0.69377797842
0.886951028412,0.721879005432
0.795509112005,0.763116002083
0.760980859406,0.856532990932
0.80883892968,1.10933804512
0.961613216514,0.647634029388
0.725203769607,0.924187004566
0.871924470752,0.787732005119
0.808286871707,1.30556702614
1.07886505103,0.910771012306
0.899324402392,0.869964003563
0.876910084815,0.574302017689
0.678206946765,0.859953224659
0.80297685397,0.477584987879
0.624011210431,1.10801744461
0.943310524959,1.29072499275
1.15015143192,0.859157979488
0.912012516816,0.305898010731
0.567311081825,0.903901994228
0.835304489256,0.635275006294
0.68620142191,1.02342295647
0.890518195709,0.673066973686
0.741759417888,0.850479006767
0.823743754929,0.51419699192
0.639022086778,1.52795660496
1.15753518875,4.09438562393
2.85767886724,0.995235979557
1.36306312612,0.867044985294
1.28065509604,1.14105606079
1.35398611933,1.62225794792
1.3726168561,1.98020493984
1.49012027002,1.37554705143
1.19260797195,1.85186505318
1.48400780691,1.42092394829
1.2595765915,1.58917796612
1.31449071937,1.67319941521
1.32969481868,2.12393403053
1.71424862144,1.64840197563
1.47437289712,1.2047419548
1.21175921163,0.792083978653
0.914018365569,1.22702741623
1.02266240077,1.22695100307
1.04948879428,1.13134396076
0.993712725829,1.25246500969
1.03878580498,1.11689198017
0.982553922772,1.12238705158
0.980809975726,1.04015302658
0.937283320513,0.809131026268
0.823750184088,0.768105983734
0.787808967498,0.79829198122
0.777313483564,0.766672253609
0.769252200101,1.05736005306
0.929697952907,0.860769987106
0.830978858875,1.0707770586
0.927173479855,0.53015100956
0.64676183998,0.660418987274
0.713173601666,0.990917980671
0.898756384554,0.356153011322
0.56442527353,0.961823999882
0.871531050853,1.24482905865
1.01885379309,0.83812302351
0.850272500705,0.924598991871
0.879412119307,0.813166022301
0.797702697782,1.00306105614
0.905039517101,0.875234007835
0.837656578961,0.799139976501
0.785434115267,0.881296157837
0.81333856395,1.06308019161
0.912665851178,0.905704975128
0.864180217212,0.690955996513
0.743057067965,1.35597002506
1.08870967559,0.757239997387
0.80457376248,2.04375457764
1.48016026165,0.857613027096
0.970580306917,2.36495709419
1.72295772274,4.17923116684
2.74868978681,2.23356199265
1.73025008822,0.801339030266
0.993827758434,0.83728402853
0.945872067317,0.885152995586
0.802342978441,0.904034972191
0.832485294946,1.30293953419
1.06000198632,0.722869992256
0.790498323792,0.800912022591
0.8310548247,1.03291928768
0.91883306028,1.32162821293
1.0883691277,0.93677598238
0.908311482384,0.700770020485
0.798452228281,0.762431979179
0.803302968429,1.14493894577
0.958010179997,0.772161006927
0.796884561965,0.877215027809
0.841314838825,1.24350500107
1.02361671232,0.638184010983
0.796843020192,0.746819972992
0.851558031752,0.683992981911
0.777244123987,1.41950511932
1.11648459173,0.614147007465
0.7571616126,0.7347676754
0.827602782131,0.677056014538
0.762089944366,1.07402694225
0.940479364399,0.615638971329
0.703900842586,0.969237983227
0.872954249276,0.991612017155
0.888104422138,0.808956027031
0.791552553583,2.4351439476
1.79736891938,0.822347998619
1.0152440347,0.593822002411
0.850580698854,0.576224982738
0.802567845573,0.422423988581
0.547088474252,0.676587998867
0.697304609041,0.552034974098
0.647054088107,0.901522994041
0.830109937002,0.748996019363
0.777106859733,0.862758398056
0.839107122926,0.948074996471
0.917484673707,1.05561387539
0.955949346675,1.97002005577
1.51668582505,0.93911999464
1.01881410701,1.00904297829
1.04029988018,0.782402992249
0.821249928924,1.01626503468
0.901669987191,0.878274977207
0.842307903791,0.735361993313
0.762634008617,1.1099909544
0.95620629735,0.772719979286
0.777795578653,1.16498196125
0.970533601879,0.715721011162
0.779466076542,1.47547900677
1.18728030653,0.835452020168
0.879547290804,0.734466016293
0.805327966059,0.786192774773
0.775278940137,1.14346504211
1.00287527147,0.924699008465
0.887481963608,2.95876455307
2.00613865799,2.13832402229
1.74429013155,2.03871202469
1.69353898772,1.48020994663
1.38351214507,0.93676507473
0.978633801749,1.71593976021
1.352091327,1.00140202045
1.015757202,0.889622986317
0.921921920917,0.749293982983
0.786061643801,1.11518394947
0.95561418398,0.945782005787
0.924102039855,0.645218014717
0.769022905723,1.16484200954
0.992151771399,1.2443510294
1.03749029009,0.904510974884
0.873131692351,0.557525992393
0.693762077299,0.577834367752
0.700746937058,0.719983577728
0.793020097897,0.76077902317
0.819198146515,0.540440022945
0.689233006665,0.800967276096
0.813232355456,0.771014988422
0.829999807639,0.670971989632
0.772844051178,2.7689704895
1.96728012972,3.08613300323
2.33680105432,1.11635804176
1.32826897214,1.01826095581
1.26767414059,0.744261026382
1.03222201291,1.11438679695
1.09696727217,1.38051640987
1.23858842531,1.22909843922
1.18293365517,1.57323896885
1.37803503952,1.24559795856
1.21402875336,0.829861998558
0.986957704654,0.537698030472
0.7477652728,0.85938000679
0.850275330492,0.794964790344
0.806936285107,0.812288999557
0.85330197572,1.20946097374
1.03888194236,1.04361104965
0.953693798357,0.991446018219
0.924023256118,1.37764596939
1.11748169788,0.74953597784
0.81488236501,0.754966974258
0.802701718208,0.852221012115
0.82788656371,1.31262803078
1.08295562949,0.949999988079
0.927840060991,0.843397974968
0.855426253578,0.632993996143
0.719138327056,0.684849023819
0.750627945942,0.829603970051
0.8135670502,1.11777603626
1.02460917673,1.06051504612
1.02495439407,0.996671020985
0.969491267621,0.672604978085
0.728898469041,0.84998100996
0.836170729238,0.792970001698
0.803763854418,0.750954985619
0.771718273634,0.955626070499
0.860644581094,0.608583986759
0.689553213307,0.778249979019
0.784628155962,0.509814023972
0.644344672431,0.636431992054
0.709147436202,0.601559996605
0.67516710052,0.65563338995
0.712359796552,0.638554990292
0.724154056636,0.876289010048
0.856351847117,0.796747982502
0.817732529721,0.682483017445
0.754379452046,0.802550017834
0.799116390145,0.795031189919
0.801090412101,1.58489704132
1.2707620465,1.01748597622
0.993354637583,0.917778015137
0.918784136531,1.2302210331
1.09407317788,1.02789902687
0.985446894679,0.912555992603
0.90977296942,0.793597996235
0.842212685359,1.03043794632
0.948983745203,0.532537996769
0.691033856379,0.612778007984
0.716657522771,0.874128997326
0.829908101681,0.366723001003
0.566267382098,0.739175021648
0.76364432983,0.560423016548
0.67003880733,0.775817811489
0.779028937483,0.81029099226
0.828239664804,0.6437510252
0.744070567736,0.723645746708
0.788126294425,0.91138702631
0.915306696344,0.662783026695
0.801102615638,1.00203597546
0.986120305572,0.822441995144
0.938331516487,1.03057694435
1.01680420292,0.678113996983
0.816631271051,0.533345997334
0.656166991383,0.320995986462
0.537428890205,0.760863006115
0.770636424406,0.743986010551
0.762956093531,0.546840012074
0.654209119404,0.700466990471
0.729462069346,0.835652589798
0.808054988381,1.27425897121
1.1291112388,0.893445014954
0.958078179735,0.621165990829
0.789059992945,0.790015995502
0.832218211014,1.06749498844
1.00812314854,0.66980099678
0.804111671427,1.26569497585
1.09521285892,0.638062000275
0.763822816084,0.934803009033
0.914027375918,0.800641000271
0.811269222939,1.08570897579
0.987096561561,0.352703988552
0.588538905199,0.588370978832
0.712643335239,0.487542003393
0.605830304134,0.463688015938
0.597935677971,0.363703995943
0.532311430686,0.875024318695
0.803011639362,0.643527984619
0.749031038385,0.483413010836
0.645498252363,0.212089002132
0.468521065251,0.456046998501
0.589373708281,0.43679100275
0.574881794375,0.723880410194
0.74046632055,0.556069016457
0.682868556646,0.474842995405
0.628180716752,0.267464011908
0.469738344229,0.958843708038
0.868556484137,0.78689801693
0.81335504776,1.79436099529
1.35146488853,1.33767795563
1.15028918558,1.21045398712
1.07742874707,0.56547999382
0.725329239962,0.400842994452
0.565928576595,0.272765487432
0.455664944935,0.583644986153
0.656864874507,0.853380262852
0.797947149725,0.866061031818
0.813927791534,1.15834999084
0.984539901406,0.776485979557
0.803515866371,1.06880700588
0.936855300363,0.588847994804
0.703117309081,1.5888684988
1.28196871087,0.432785987854
0.743133906565,0.399603009224
0.72194430551,0.554534971714
0.763931130417,0.622197985649
0.682752998746,1.14955198765
0.989697052069,1.12126004696
0.974022401591,0.977645993233
0.888431992203,1.73274195194
1.31470917307,2.30270791054
1.64020846228,1.05347704887
1.04016692422,0.796280026436
0.890634747113,0.520332992077
0.699686390578,0.610480010509
0.663041887369,0.445305794477
0.565997788993,0.652213871479
0.69487544647,1.17554116249
1.02359011311,1.0322021246
0.984893184813,0.719393014908
0.834712278351,0.820013999939
0.872668231169,0.949733018875
0.950487618162,1.03911495209
0.984282895809,0.58838301897
0.722661511859,0.950855970383
0.88506180398,0.527760028839
0.667214648023,0.773606300354
0.780132791645,0.970355987549
0.912903729421,1.38388991356
1.11928114025,0.779523015022
0.892487713782,0.606999993324
0.812505805927,0.466057002544
0.699456293095,0.945527017117
0.881998663722,0.623872995377
0.686291912157,0.392324000597
0.574189714954,0.515654981136
0.623776801136,0.967938542366
0.842354024109,1.3565659523
1.1181889829,0.907269001007
0.89137042962,0.816276013851
0.828420859376,2.47986698151
1.75604394992,1.13308000565
1.16048104618,1.04558396339
1.09994015217,0.847437024117
0.952225557282,1.5365229845
1.25819640712,0.900898993015
0.949018264719,0.481200993061
0.712691935259,0.85725402832
0.854338721562,0.861747980118
0.851800581103,1.0086940527
0.925510499748,1.12772703171
0.971168839862,0.77955698967
0.80065911274,0.989550292492
0.89568161316,0.836332976818
0.842126252497,0.909955978394
0.869504902701,0.551105976105
0.660191485268,1.23976433277
1.01512870995,1.21183896065
1.04989423255,1.37998199463
1.13808403585,1.14846098423
1.05849298571,0.766390025616
0.860320815609,0.966084003448
0.916028036068,0.815675020218
0.802877630526,1.14227294922
0.981215116741,1.2994799614
1.08366703072,0.858331024647
0.860698899279,0.714946985245
0.775416148014,0.876440048218
0.812461031486,0.830546021461
0.814614075036,0.853524029255
0.824778496057,0.909241020679
0.842563824445,0.520272016525
0.63383975188,0.741104006767
0.761595317859,0.585331976414
0.677814269873,0.504777014256
0.621912863756,0.551949322224
0.63181835344,0.969752013683
0.87670171365,1.11651599407
0.970675210666,1.04984498024
0.940981209599,0.634262979031
0.726068734815,0.56443297863
0.673172798034,0.918470978737
0.831538521788,0.959353983402
0.886829814416,0.598415970802
0.697959873176,0.938345015049
0.865205537921,0.454225003719
0.612924217726,0.707947015762
0.74131037731,0.38765001297
0.538345501833,0.448433995247
0.56982896261,0.840570986271
0.789134893697,0.533711016178
0.640054212283,0.721135020256
0.732358676624,0.521538615227
0.611740704691,0.705075979233
0.743112544514,0.640564978123
0.692919155368,0.516858994961
0.633340577395,1.66040945053
1.23935475184,2.46530795097
1.74565283489,1.62215602398
1.33846942109,1.86627006531
1.44860482081,3.62353610992
2.44258048373,0.794870972633
1.08541816364,0.906598985195
1.14300954756,0.857187986374
1.08738103372,0.775637984276
0.882037309587,0.700670003891
0.762388121351,0.644340991974
0.716705822818,0.757955014706
0.754281201633,0.549960017204
0.64376667048,0.496466994286
0.621633819067,1.36767756939
1.08076176569,1.39789402485
1.28587889507,0.814813017845
1.01525235539,1.27889895439
1.26648891777,0.862398028374
0.956501316311,1.09386599064
0.966360084988,0.813471019268
0.830727036,1.46668708324
1.17855278195,0.906031012535
0.981037914668,0.765214025974
0.902622367242,1.31103396416
1.14590472538,0.789250016212
0.85081531174,1.47490203381
1.19711844977,0.916785001755
0.953198060508,1.18614006042
1.0746946129,1.4113919735
1.1441332957,2.09247207642
1.53150300346,0.718922019005
0.841393990003,1.30186104774
1.1403642887,1.26897478104
1.07618518127,1.22199702263
1.09983438798,0.906111001968
0.940132187125,1.07887399197
1.00646645189,1.02802503109
0.931545271143,0.786369025707
0.81197261786,1.27685296535
1.05194941329,0.709342002869
0.769508107104,0.520192980766
0.644634166695,0.564561009407
0.649106063542,0.985520005226
0.860622318289,1.09284198284
0.975431858154,0.478689998388
0.66798508002,0.395505994558
0.610041199893,1.85070300102
1.40341587838,1.19579601288
1.12524245493,1.70251083374
1.36577218633,2.99835109711
2.08643300106,2.40708088875
1.80822673197,2.5859439373
1.90362148586,2.23383903503
1.74942553073,1.65577304363
1.44962579198,1.43061101437
1.29452894427,0.892174005508
0.902280626404,1.23169696331
1.05055121288,0.895507991314
0.881668046548,1.60203301907
1.27995404508,1.58539903164
1.2890591315,1.2320599556
1.10825903394,1.21037101746
1.06181680029,1.24214100838
1.07477030795,0.985704004765
0.943400903021,0.728968977928
0.786657135027,0.676151990891
0.754718717307,1.07157301903
0.969057335785,0.945743978024
0.920388098562,0.437637001276
0.651228990493,0.514182031155
0.690228442372,0.338719010353
0.542983384569,0.714428007603
0.75843813096,0.499619990587
0.665551949024,0.79173797369
0.81144447764,0.864624321461
0.81841846969,0.602496027946
0.706371305883,1.26006996632
1.06108531326,1.01233994961
0.958153574406,1.00452899933
0.936542467784,0.631023526192
0.723349586994,1.14122104645
1.04068433418,0.542609989643
0.728637928895,0.854745984077
0.878487868978,0.774421989918
0.802924956049,0.308434009552
0.558576922277,0.837620973587
0.838613281183,0.729346990585
0.762705416165,0.750390589237
0.776675148161,1.13482201099
1.02128341844,1.61424005032
1.2944975137,1.24479305744
1.13672977386,0.714163005352
0.857377103417,0.729304015636
0.790177538382,0.648698985577
0.761216052486,0.342799007893
0.575168656647,0.386186003685
0.581913566415,0.636629998684
0.696349985974,0.399048000574
0.582246313053,0.417885988951
0.578546475141,1.10379052162
0.937328700966,0.695618987083
0.778105436616,0.807013988495
0.824062703371,0.594769001007
0.68934906325,1.1076079607
0.98577177335,0.971358001232
0.926278981767,0.717034995556
0.787667481029,0.67648100853
0.719598990998,1.68777298927
1.29291415919,0.990756988525
0.969777650721,0.808203995228
0.857784990503,1.08771896362
0.97841975065,1.56481802464
1.24671006124,0.667380988598
0.80189193816,1.25648999214
1.10434916728,1.09188604355
1.03147182608,0.737550973892
0.817014717878,0.622438013554
0.695250907645,0.836472988129
0.827618843713,0.577426016331
0.686752420111,1.0157610178
0.938974404037,1.10615897179
0.986011558541,0.694554030895
0.760176373388,1.13090395927
1.01117113995,0.951821982861
0.934652659083,0.752457022667
0.820026159927,0.558522999287
0.664435111853,1.41583633423
1.1175645562,1.8552980423
1.54427350997,0.7845479846
1.02866950592,0.821053981781
1.0256447344,0.583589017391
0.809367248132,0.835972011089
0.839126892478,2.18466305733
1.5960469618,0.680548012257
0.886408570299,1.238904953
1.16215214967,1.03032803535
1.07700575407,0.791410982609
0.945560648071,0.842372000217
0.94251674611,0.446471005678
0.611027179441,0.558933794498
0.631385614861,0.709932982922
0.737735362203,0.733434021473
0.742780007271,0.783339977264
0.792985142377,0.842680990696
0.831729562564,1.09976100922
0.938331571585,0.870631575584
0.822859001444,0.586246013641
0.682707603159,0.886399030685
0.836363262141,1.0193990469
0.938775235719,0.849361002445
0.878700691067,1.01066696644
0.948070981223,1.33151602745
1.08615088288,1.21500897408
1.03315395926,1.64559102058
1.29016767037,0.970878005028
0.969777145121,1.41127204895
1.16207494909,0.795392990112
0.870720640584,1.04633104801
1.00119399091,0.887933969498
0.900196641722,0.834930002689
0.834761790523,0.984719991684
0.911991258253,1.09039402008
0.95917368962,0.490164995193
0.671605114259,0.614166975021
0.732592216009,0.631474018097
0.71631047026,0.825244009495
0.814815568545,1.05145096779
0.955345792384,1.0471149683
0.971353727545,0.392143011093
0.617386434086,0.469514995813
0.640891594936,0.772090017796
0.781968437108,0.752009987831
0.793203903891,0.687739372253
0.729574294597,0.67181199789
0.743739299278,1.18593323231
1.00092844603,0.657198011875
0.749392980643,0.821318030357
0.828642665277,0.779573976994
0.791554677426,1.03012299538
0.926652954158,0.621188998222
0.722253558119,0.866082012653
0.838732280737,0.960893154144
0.881111518126,0.676039993763
0.750895542812,0.740238010883
0.775247418732,0.598470985889
0.685944747941,0.615105986595
0.690296504186,0.935873568058
0.865357873274,0.58182477951
0.678602914726,0.715665996075
0.764512414562,0.6529520154
0.736475365788,0.970002293587
0.885847207501,0.783450007439
0.813636253657,0.744813024998
0.805975224241,0.827618002892
0.8262641887,0.894340097904
0.824295226456,2.50501704216
1.87703175303,1.62071204185
1.44282093142,1.41758596897
1.32512710456,1.04987204075
1.03843180474,1.22650754452
1.00571380733,1.04317903519
0.946077708955,0.969443976879
0.905278574817,0.819225013256
0.828518676228,0.812955021858
0.81420144236,0.671208024025
0.737945706616,0.528989970684
0.635606277111,0.346193015575
0.526910348851,0.478949010372
0.591710337877,1.15381097794
0.955996657693,0.967127025127
0.894839132745,0.784583985806
0.804368339874,0.470185995102
0.616352492566,0.563278257847
0.634612731594,0.241623997688
0.466656229209,0.270985990763
0.480417119136,0.199468001723
0.423700408312,0.132716998458
0.359781680465,0.473262012005
0.552937176164,0.658555984497
0.709060714931,0.962188005447
0.860840622529,0.511197984219
0.634482335188,0.982978999615
0.875744699904,0.910009980202
0.879725765689,1.02657604218
0.934994779976,0.830938994884
0.83070566241,0.965192019939
0.883668910475,1.00054395199
0.875832412573,1.98318505287
1.40965384214,1.27485501766
1.152746152,1.28652596474
1.15941147562,1.38224494457
1.17552552511,1.73692405224
1.41416873235,1.25766801834
1.16405408983,0.753337979317
0.878459763963,1.08490896225
0.983611472707,1.06249403954
0.966466283092,0.778762996197
0.811532321303,0.825646996498
0.807989753633,0.989183008671
0.888206430055,1.41809201241
1.13324720219,1.15167796612
1.01880729542,1.25036406517
1.05552905336,0.879401981831
0.862699008445,1.08942306042
0.961116576166,1.80906295776
1.3860022248,0.868739008904
0.911449965492,0.852172970772
0.884011215627,1.3078379631
1.07277455478,1.262575984
1.07772941207,0.760155975819
0.814668678876,1.06988704205
0.942712226079,0.857984006405
0.883576606981,1.14932394028
1.02293508297,1.06714296341
0.957501172112,0.740061998367
0.774541900993,0.679988026619
0.730569280951,0.732392132282
0.730800433807,0.835274994373
0.80585117622,0.600082993507
0.677151929582,1.01056396961
0.895135249838,0.761397004128
0.793011813619,0.726006984711
0.771612350802,1.06432402134
0.937793579733,0.59010797739
0.699372210105,0.774465978146
0.805629929491,0.740687012672
0.770683004658,0.890836000443
0.840443145982,0.762010097504
0.765422438696,0.777450025082
0.810488334134,0.581107020378
0.701321076742,0.790877997875
0.774706556522,0.890371978283
0.833036081834,0.788205981255
0.778400802378,0.730194985867
0.749170034496,0.924893319607
0.841040768427,1.26558697224
1.0647492622,0.788414001465
0.823892067418,0.91806101799
0.868362494756,0.656926989555
0.73043052065,0.825268030167
0.814997180541,0.42572298646
0.609577332191,0.911463022232
0.855939873212,0.723851978779
0.761326477335,0.965731978416
0.90204452998,0.719420015812
0.788362715247,0.714648008347
0.7780839343,0.618879973888
0.684069224731,0.850296974182
0.807284031139,0.611301481724
0.671771066002,0.840580999851
0.815793230513,0.590990006924
0.689603122699,1.1918078661
0.998460120151,1.07247805595
1.01592970812,0.797680020332
0.86394371328,0.714037001133
0.796483459432,0.888561010361
0.828931259307,0.736729025841
0.754977300969,0.965541005135
0.87392088133,0.856945991516
0.835889917098,0.583833992481
0.684291439571,3.04756212234
2.23755637699,0.886538982391
1.32811730417,1.18646097183
1.52809352969,0.87507301569
1.28459571389,1.11197304726
1.06041830478,0.692927002907
0.821768912497,0.563274979591
0.752038109993,0.551968991756
0.704795813683,0.921135008335
0.856729231147,0.546503007412
0.667187066408,0.999785006046
0.902243655489,0.75122398138
0.811104996304,0.840256989002
0.842777558034,0.784314990044
0.808205642687,0.591548025608
0.698268987469,0.610984027386
0.681280349486,0.9328789711
0.85062239003,0.799202024937
0.813999607831,0.983354985714
0.906890282351,0.54052901268
0.654568945983,1.09367001057
0.951471388926,0.926633000374
0.888736916904,0.797241985798
0.805702946304,0.589605987072
0.66965351314,0.779954016209
0.762210209119,0.518279016018
0.636930974189,0.7263879776
0.741159324322,0.621636688709
0.678969325739,0.881067991257
0.833316514757,0.731501698494
0.773242408036,0.970385015011
0.893751319179,0.871535003185
0.841021450191,0.55057400465
0.671575655308,0.257629990578
0.48745004512,0.69521099329
0.729727824592,0.354743003845
0.577878382123,1.30835092068
1.07695361258,1.42471003532
1.16369611057,2.42224311829
1.69535881778,1.58809316158
1.32777571724,2.88288998604
2.0817604046,1.51081001759
1.39416290106,0.5103110075
0.827303299102,0.663749992847
0.825707359276,0.586565971375
0.676376393303,0.918299973011
0.853686958995,1.12636303902
0.972252380071,0.945537984371
0.893523577936,0.797969996929
0.830538142281,0.88952600956
0.872484270981,0.501745998859
0.678549672019,0.788908004761
0.815864666791,0.557146012783
0.654012124295,0.807927012444
0.78958942893,0.738291025162
0.761769963946,0.674207985401
0.725977717562,0.878771364689
0.82290950392,0.740188002586
0.771427649647,0.888650000095
0.843478216933,0.798327028751
0.803051879075,0.513779997826
0.656815325014,0.776037275791
0.777737882178,0.852828025818
0.861913183256,0.785162985325
0.820626095726,0.8431609869
0.834334119752,1.02479887009
0.920646691789,0.804427981377
0.825062111476,0.884131014347
0.865978999361,0.361564993858
0.552547920938,1.17149102688
0.987779661005,0.447791010141
0.641260073483,0.766573011875
0.790305696641,0.773559987545
0.777259423677,1.05482304096
0.939212803881,0.784330010414
0.806287354293,1.03425097466
0.913938119441,1.09697902203
0.95358441548,0.763302981853
0.792711622803,0.58837300539
0.687095610826,0.636563003063
0.685801614839,0.575070023537
0.651138332461,0.539964020252
0.627728318382,1.32467114925
1.05698971694,0.817846000195
0.852597136156,0.635960996151
0.767255278274,0.813592016697
0.824367555289,0.987214028835
0.890346181219,0.983928978443
0.894431957968,0.590479016304
0.694545982216,0.898679018021
0.835635786965,0.626800000668
0.690548551438,0.692685008049
0.724557000832,0.575704991817
0.663678068767,0.676468014717
0.701503577067,0.827947020531
0.7998180011,0.654785990715
0.70948356805,1.0858155489
0.931467381122,0.85095500946
0.833095197651,0.887935996056
0.842241998603,0.655785024166
0.725551482541,0.659780979156
0.716253148467,0.885627985001
0.832958911109,0.750299990177
0.769711004296,0.930316030979
0.849488625338,0.725946009159
0.769230681689,0.712390482426
0.754796270726,0.932657003403
0.875321294108,0.654497027397
0.757733982274,0.498726993799
0.661629063209,0.978241026402
0.880943890265,0.559324026108
0.675278896663,0.873399019241
0.834157756663,0.623250007629
0.704063217279,0.631924986839
0.686678463015,0.833535015583
0.807765739164,0.861343026161
0.8288921927,1.03601300716
0.947357157136,0.616037011147
0.732922228273,0.987452983856
0.914126184248,0.668673992157
0.724463698839,0.645533978939
0.720885093627,1.00703001022
0.90324207687,0.776300013065
0.806321696453,0.935849010944
0.87266310756,0.662671983242
0.714007711598,1.11335194111
0.94487406381,0.54953199625
0.661490785206,0.927363276482
0.8335582525,0.821533024311
0.857682701979,0.919354021549
0.911703830185,0.689985990524
0.76370664512,0.649773895741
0.68084222231,0.970504999161
0.887827936851,0.803444027901
0.807233530427,0.892099022865
0.832652681681,0.746227025986
0.757507953836,1.49540746212
1.18058722449,0.759756982327
0.938753092882,0.967728018761
1.04967787261,1.12601101398
1.0905599345,0.764141976833
0.880712967907,1.42381894588
1.20471199528,0.830919027328
0.922699475906,0.531687021255
0.745490700853,0.694292008877
0.78773750192,1.09710001945
0.945247429451,0.86237102747
0.844655787419,0.971195995808
0.901959731498,0.750190496445
0.77790777211,0.565989017487
0.646397594421,0.723589003086
0.727446379231,1.08887696266
0.915642620641,0.261454999447
0.497222060772,0.192316800356
0.446208307281,0.204839006066
0.435845234138,0.375299990177
0.514087417741,0.18789100647
0.422844437242,0.417883992195
0.553931743411,0.612834990025
0.649032189579,0.48221001029
0.60381124126,0.813664972782
0.776297341863,0.899798989296
0.822335057433,0.766745984554
0.771607407642,0.676299989223
0.738753544694,0.980409383774
0.877983914158,1.07553303242
0.986853161859,0.645973980427
0.751067699551,0.76016998291
0.79249403121,0.870718002319
0.834373886236,1.04555702209
0.938007751381,0.483233988285
0.646794983288,1.08598899841
0.946580644003,0.73209798336
0.76990226128,0.712899029255
0.754987864904,1.04538905621
0.900483316096,0.735920011997
0.762352807141,0.895693004131
0.835377218431,0.874550998211
0.827027085425,0.923747003078
0.84790817695,0.999778032303
0.89986931635,1.73953402042
1.35151736726,0.810788989067
0.923413585659,0.704905033112
0.867846428366,0.832826972008
0.87581142458,0.827660024166
0.810668169884,0.895310997963
0.839376441874,1.45950102806
1.1502770726,1.17951905727
1.04994112503,1.4434119463
1.16718525587,1.30673503876
1.08677875769,0.763499975204
0.820179439907,1.14514803886
1.00483466035,0.725345015526
0.756453257153,0.76335901022
0.756175206223,0.61748200655
0.698796505752,1.02932298183
0.91411921524,1.30205595493
1.0737009731,3.16412496567
2.17034108589,0.973443984985
1.07918265852,1.22967100143
1.19540771482,0.744153022766
0.865702444922,1.06303405762
0.93328323242,1.1238720417
0.981026930623,0.898477017879
0.867793685791,0.717513978481
0.776781576346,0.536750972271
0.659785503733,1.17544305325
0.99665280883,1.10104894638
0.962926524869,0.573449015617
0.689559670658,1.43114495277
1.12912935652,1.03779494762
0.967222833205,0.656862020493
0.775880799215,1.07490801811
0.943790102297,1.38597202301
1.10333379788,1.00480496883
0.934121315037,1.60953998566
1.24179681942,2.81757593155
1.9757224598,1.96256256104
1.57526190892,1.27975201607
1.23745234304,1.99532997608
1.56291098638,2.03338599205
1.52427041469,1.3074439764
1.12201349323,1.61125802994
1.27861409887,2.04021811485
1.53624402375,2.18324494362
1.62377172884,1.35141599178
1.19497437283,0.724218010902
0.823614257294,1.3633890152
1.12451964993,1.52680897713
1.21363316212,1.78401958942
1.33759775759,1.10359704494
1.0575067128,1.76300799847
1.37165911431,1.15754902363
1.07898413146,1.15332603455
1.06780360073,2.36281108856
1.69112655029,2.58078789711
1.84513881368,1.24214696884
1.19076455231,1.71282100677
1.42658810029,0.667650997639
0.834382340707,0.827132999897
0.804007029659,0.964264750481
0.857625364857,1.3941617012
1.12245413782,0.758404970169
0.834453071647,0.690075993538
0.786344024531,0.674024999142
0.749296991886,0.861522018909
0.830304686327,0.790746986866
0.816846386294,0.728500008583
0.766461645213,0.241198003292
0.457251213888,0.335460007191
0.491493225714,0.591246008873
0.635562254438,1.0584269762
0.928623246892,0.766991972923
0.786739910443,0.588123977184
0.685234917439,0.592230319977
0.64989205608,0.875351011753
0.826094795933,0.70382797718
0.731533540992,0.567749977112
0.669243148138,0.713387012482
0.740721552176,1.07750594616
0.945718835377,0.690941989422
0.790247917055,0.772458016872
0.825293779243,0.723712027073
0.754266149199,0.975248992443
0.885149252801,0.915176987648
0.853856992402,0.757400989532
0.768521509825,0.691206991673
0.728480950982,1.18352794647
0.995153263904,0.770574986935
0.817473389629,0.894770026207
0.873229857134,0.614335000515
0.743341133499,0.769231975079
0.812014345834,0.907074987888
0.863795805541,0.406809985638
0.631686417268,0.513888001442
0.690564907622,0.248146995902
0.494839817393,0.256875991821
0.448602484273,0.598065972328
0.649982536969,0.598169982433
0.662452817236,0.880114018917
0.816368441291,1.08564901352
0.931510896792,0.9920129776
0.893378014838,0.874384999275
0.859812373621,0.877026021481
0.85349591724,1.008928895
0.89171570131,0.808875977993
0.880664168344,0.671420991421
0.804145246682,0.744962990284
0.818932932737,0.694267988205
0.745001013352,1.00188601017
0.906919921097,0.793558001518
0.822343050215,0.845004916191
0.829896840365,0.803124010563
0.826247600099,0.574446976185
0.710894552496,0.567972004414
0.705735038247,0.453808009624
0.595173659206,0.849488139153
0.806519550144,0.406459987164
0.580298023336,0.245351999998
0.482977325499,2.32321810722
1.89764018141,2.02711558342
1.75564474306,1.58111798763
1.59218423773,1.72704994678
1.64274170348,1.15064203739
1.34395786011,1.60793399811
1.57692004453,1.33123397827
1.36458216175,1.22164201736
1.29324099269,1.58354198933
1.47952279315,1.60866212845
1.49478568401,2.18565392494
1.90253905786,2.98955988884
2.33975978713,0.75744998455
1.14304320293,1.81134402752
1.71295412203,1.5279519558
1.47353133946,0.889223575592
0.478190635775,0.297726295234